rank,player,team,position,age,tier,trend,value,path
1,Patrick Mahomes,KCC,QB1,27.8,Tier 1,0,9999,/dynasty-rankings/players/patrick-mahomes-272
2,Justin Jefferson,MIN,WR1,24.1,Tier 1,0,9912,/dynasty-rankings/players/justin-jefferson-542
3,Josh Allen,BUF,QB2,27.2,Tier 1,0,9823,/dynasty-rankings/players/josh-allen-365
4,Jalen Hurts,PHI,QB3,25.0,Tier 1,0,9653,/dynasty-rankings/players/jalen-hurts-595
5,Joe Burrow,CIN,QB4,26.6,Tier 2,0,9088,/dynasty-rankings/players/joe-burrow-601
6,Ja'Marr Chase,CIN,WR2,23.4,Tier 2,0,9065,/dynasty-rankings/players/ja-marr-chase-1004
7,Justin Herbert,LAC,QB5,25.4,Tier 3,0,8644,/dynasty-rankings/players/justin-herbert-599
8,Trevor Lawrence,JAC,QB6,23.8,Tier 4,0,8081,/dynasty-rankings/players/trevor-lawrence-1094
9,Bijan Robinson,ATL,RB1,21.5,Tier 4,1u,8069,/dynasty-rankings/players/bijan-robinson-1414
10,Lamar Jackson,BAL,QB7,26.5,Tier 4,1d,7948,/dynasty-rankings/players/lamar-jackson-372
11,Garrett Wilson,NYJ,WR3,23.0,Tier 5,0,7602,/dynasty-rankings/players/garrett-wilson-1270
12,CeeDee Lamb,DAL,WR4,24.3,Tier 5,0,7440,/dynasty-rankings/players/ceedee-lamb-546
13,Justin Fields,CHI,QB8,24.4,Tier 5,0,7255,/dynasty-rankings/players/justin-fields-1015
14,Amon-Ra St. Brown,DET,WR5,23.7,Tier 5,2u,7158,/dynasty-rankings/players/amon-ra-st-brown-1010
15,A.J. Brown,PHI,WR6,26.1,Tier 5,1d,7106,/dynasty-rankings/players/aj-brown-217
16,Jaylen Waddle,MIA,WR7,24.6,Tier 5,1d,7005,/dynasty-rankings/players/jaylen-waddle-1007
17,Chris Olave,NOS,WR8,23.1,Tier 6,0,6813,/dynasty-rankings/players/chris-olave-1271
18,Christian McCaffrey,SFO,RB2,27.1,Tier 7,1u,6602,/dynasty-rankings/players/christian-mccaffrey-283
19,Anthony Richardson,IND,QB9,21.2,Tier 7,1d,6595,/dynasty-rankings/players/anthony-richardson-1405
20,Jahmyr Gibbs,DET,RB3,21.3,Tier 8,4u,6421,/dynasty-rankings/players/jahmyr-gibbs-1415
21,DeVonta Smith,PHI,WR9,24.7,Tier 8,4u,6386,/dynasty-rankings/players/devonta-smith-1005
22,2023 Early 1st,,PICK,,Tier 8,1u,6378,/dynasty-rankings/players/2023-early-1st-1095
23,2024 Early 1st,,PICK,,Tier 8,2d,6373,/dynasty-rankings/players/2024-early-1st-1293
24,Tyreek Hill,MIA,WR10,29.4,Tier 9,2u,6234,/dynasty-rankings/players/tyreek-hill-286
25,Travis Kelce,KCC,TE1,33.8,Tier 10,5u,6061,/dynasty-rankings/players/travis-kelce-264
26,Breece Hall,NYJ,RB4,22.1,Tier 10,6d,6035,/dynasty-rankings/players/breece-hall-1224
27,Saquon Barkley,NYG,RB5,26.4,Tier 10,6u,5953,/dynasty-rankings/players/saquon-barkley-1
28,Jaxon Smith-Njigba,SEA,WR11,21.4,Tier 11,0,5852,/dynasty-rankings/players/jaxon-smith-njigba-1437
29,Tee Higgins,CIN,WR12,24.5,Tier 11,3u,5836,/dynasty-rankings/players/tee-higgins-543
30,Stefon Diggs,BUF,WR13,29.6,Tier 11,9u,5772,/dynasty-rankings/players/stefon-diggs-262
31,Nick Chubb,CLE,RB6,27.6,Tier 11,10u,5770,/dynasty-rankings/players/nick-chubb-274
32,Mark Andrews,BAL,TE2,27.9,Tier 11,3u,5753,/dynasty-rankings/players/mark-andrews-366
33,Jonathan Taylor,IND,RB7,24.5,Tier 11,11d,5738,/dynasty-rankings/players/jonathan-taylor-634
34,Bryce Young,CAR,QB10,22.0,Tier 11,7d,5730,/dynasty-rankings/players/bryce-young-1456
35,Drake London,ATL,WR14,22.0,Tier 11,4d,5691,/dynasty-rankings/players/drake-london-1268
36,DK Metcalf,SEA,WR15,25.6,Tier 11,3d,5675,/dynasty-rankings/players/dk-metcalf-224
37,Deshaun Watson,CLE,QB11,27.8,Tier 12,8d,5514,/dynasty-rankings/players/deshaun-watson-261
38,Tua Tagovailoa,MIA,QB12,25.4,Tier 12,2u,5471,/dynasty-rankings/players/tua-tagovailoa-600
39,Kyle Pitts,ATL,TE3,22.8,Tier 12,1d,5444,/dynasty-rankings/players/kyle-pitts-1051
40,C.J. Stroud,HOU,QB13,21.8,Tier 12,3d,5429,/dynasty-rankings/players/cj-stroud-1403
41,Cooper Kupp,LAR,WR16,30.1,Tier 12,1u,5400,/dynasty-rankings/players/cooper-kupp-310
42,Tony Pollard,DAL,RB8,26.2,Tier 12,8u,5393,/dynasty-rankings/players/tony-pollard-344
43,2025 Early 1st,,PICK,,Tier 12,2u,5357,/dynasty-rankings/players/2025-early-1st-1361
44,Josh Jacobs,LVR,RB9,25.4,Tier 13,3u,5220,/dynasty-rankings/players/josh-jacobs-303
45,2023 Mid 1st,,PICK,,Tier 13,3u,5176,/dynasty-rankings/players/2023-mid-1st-1096
46,Austin Ekeler,LAC,RB10,28.2,Tier 13,3u,5152,/dynasty-rankings/players/austin-ekeler-385
47,Daniel Jones,NYG,QB14,26.2,Tier 13,5u,5128,/dynasty-rankings/players/daniel-jones-87
48,Jordan Addison,MIN,WR17,21.5,Tier 13,8u,5096,/dynasty-rankings/players/jordan-addison-1420
49,2024 Mid 1st,,PICK,,Tier 14,4u,5011,/dynasty-rankings/players/2024-mid-1st-1294
50,Davante Adams,LVR,WR18,30.6,Tier 14,4u,5008,/dynasty-rankings/players/davante-adams-277
51,Travis Etienne,JAC,RB11,24.5,Tier 14,7d,5005,/dynasty-rankings/players/travis-etienne-1030
52,Kenneth Walker III,SEA,RB12,22.8,Tier 14,9d,4982,/dynasty-rankings/players/kenneth-walker-iii-1227
53,Kyler Murray,ARI,QB15,26.0,Tier 14,17d,4979,/dynasty-rankings/players/kyler-murray-379
54,Christian Watson,GBP,WR19,24.2,Tier 15,1u,4874,/dynasty-rankings/players/christian-watson-1248
55,Jahan Dotson,WAS,WR20,23.3,Tier 15,8u,4869,/dynasty-rankings/players/jahan-dotson-1272
56,Dak Prescott,DAL,QB16,30.0,Tier 16,10d,4792,/dynasty-rankings/players/dak-prescott-371
57,George Pickens,PIT,WR21,22.4,Tier 16,12u,4788,/dynasty-rankings/players/george-pickens-1279
58,D.J. Moore,CHI,WR22,26.3,Tier 16,4u,4758,/dynasty-rankings/players/dj-moore-304
59,Zay Flowers,BAL,WR23,22.9,Tier 16,9u,4754,/dynasty-rankings/players/zay-flowers-1443
60,Brandon Aiyuk,SFO,WR24,25.3,Tier 16,2d,4737,/dynasty-rankings/players/brandon-aiyuk-538
61,T.J. Hockenson,MIN,TE4,26.0,Tier 16,1d,4700,/dynasty-rankings/players/tj-hockenson-247
62,Quentin Johnston,LAC,WR25,21.9,Tier 16,1d,4659,/dynasty-rankings/players/quentin-johnston-1441
63,Calvin Ridley,JAC,WR26,28.6,Tier 16,3u,4621,/dynasty-rankings/players/calvin-ridley-293
64,Rhamondre Stevenson,NEP,RB13,25.4,Tier 16,13d,4614,/dynasty-rankings/players/rhamondre-stevenson-1036
65,Najee Harris,PIT,RB14,25.4,Tier 17,8d,4480,/dynasty-rankings/players/najee-harris-1031
66,Javonte Williams,DEN,RB14,23.2,Tier 17,2d,4480,/dynasty-rankings/players/javonte-williams-1033
67,Kenny Pickett,PIT,QB17,25.1,Tier 17,11u,4438,/dynasty-rankings/players/kenny-pickett-1208
68,Jordan Love,GBP,QB18,24.7,Tier 17,3u,4424,/dynasty-rankings/players/jordan-love-596
69,Jerry Jeudy,DEN,WR27,24.2,Tier 18,10d,4355,/dynasty-rankings/players/jerry-jeudy-545
70,Deebo Samuel,SFO,WR28,27.5,Tier 18,3d,4335,/dynasty-rankings/players/deebo-samuel-383
71,2023 Late 1st,,PICK,,Tier 18,2u,4288,/dynasty-rankings/players/2023-late-1st-1097
72,2025 Mid 1st,,PICK,,Tier 18,3u,4285,/dynasty-rankings/players/2025-mid-1st-1362
73,Terry McLaurin,WAS,WR29,27.8,Tier 18,8d,4225,/dynasty-rankings/players/terry-mclaurin-328
74,Dameon Pierce,HOU,RB16,23.4,Tier 19,6u,4135,/dynasty-rankings/players/dameon-pierce-1207
75,Brock Purdy,SFO,QB19,23.6,Tier 19,21u,4123,/dynasty-rankings/players/brock-purdy-1214
76,Dalton Kincaid,BUF,TE5,23.8,Tier 19,1u,4122,/dynasty-rankings/players/dalton-kincaid-1428
77,2024 Late 1st,,PICK,,Tier 19,1u,4117,/dynasty-rankings/players/2024-late-1st-1295
78,Derrick Henry,TEN,RB17,29.5,Tier 19,3u,4062,/dynasty-rankings/players/derrick-henry-296
79,Jared Goff,DET,QB20,28.8,Tier 19,4u,4053,/dynasty-rankings/players/jared-goff-388
80,James Cook,BUF,RB18,23.8,Tier 20,25u,3927,/dynasty-rankings/players/james-cook-1231
81,Michael Pittman,IND,WR30,25.8,Tier 20,7d,3922,/dynasty-rankings/players/michael-pittman-536
82,Diontae Johnson,PIT,WR31,27.0,Tier 20,10u,3911,/dynasty-rankings/players/diontae-johnson-338
83,J.K. Dobbins,BAL,RB19,24.6,Tier 20,1d,3902,/dynasty-rankings/players/jk-dobbins-636
84,Zach Charbonnet,SEA,RB20,22.5,Tier 20,4u,3895,/dynasty-rankings/players/zach-charbonnet-1384
85,George Kittle,SFO,TE6,29.8,Tier 20,9d,3872,/dynasty-rankings/players/george-kittle-298
86,2025 Late 1st,,PICK,,Tier 20,7u,3853,/dynasty-rankings/players/2025-late-1st-1363
87,Amari Cooper,CLE,WR32,29.1,Tier 20,2u,3848,/dynasty-rankings/players/amari-cooper-269
88,Treylon Burks,TEN,WR33,23.3,Tier 20,18d,3846,/dynasty-rankings/players/treylon-burks-1269
89,Chris Godwin,TBB,WR34,27.4,Tier 20,5d,3845,/dynasty-rankings/players/chris-godwin-299
90,Christian Kirk,JAC,WR35,26.7,Tier 20,4d,3835,/dynasty-rankings/players/christian-kirk-221
91,Jameson Williams,DET,WR36,22.3,Tier 20,19d,3828,/dynasty-rankings/players/jameson-williams-1273
92,Geno Smith,SEA,QB21,32.8,Tier 20,3u,3815,/dynasty-rankings/players/geno-smith-671
93,Dallas Goedert,PHI,TE7,28.6,Tier 20,6d,3805,/dynasty-rankings/players/dallas-goedert-382
94,Joe Mixon,CIN,RB21,27.0,Tier 21,6u,3735,/dynasty-rankings/players/joe-mixon-273
95,Kirk Cousins,MIN,QB22,34.9,Tier 21,4d,3725,/dynasty-rankings/players/kirk-cousins-396
96,Aaron Jones,GBP,RB22,28.6,Tier 21,5u,3717,/dynasty-rankings/players/aaron-jones-301
97,Rachaad White,TBB,RB23,24.2,Tier 21,0,3694,/dynasty-rankings/players/rachaad-white-1180
98,Pat Freiermuth,PIT,TE8,24.7,Tier 21,4d,3691,/dynasty-rankings/players/pat-freiermuth-1053
99,Miles Sanders,CAR,RB24,26.2,Tier 21,9d,3664,/dynasty-rankings/players/miles-sanders-222
100,Sam Howell,WAS,QB23,22.8,Tier 21,19u,3661,/dynasty-rankings/players/sam-howell-1209
101,Alexander Mattison,MIN,RB25,25.1,Tier 21,1u,3643,/dynasty-rankings/players/alexander-mattison-326
102,Marquise Brown,ARI,WR37,26.1,Tier 21,17d,3641,/dynasty-rankings/players/marquise-brown-311
103,Darren Waller,NYG,TE9,30.8,Tier 22,25u,3552,/dynasty-rankings/players/darren-waller-349
104,Sam LaPorta,DET,TE10,22.5,Tier 23,6u,3471,/dynasty-rankings/players/sam-laporta-1429
105,Cam Akers,LAR,RB26,24.1,Tier 23,7d,3443,/dynasty-rankings/players/cam-akers-531
106,Mike Evans,TBB,WR38,29.9,Tier 23,9u,3435,/dynasty-rankings/players/mike-evans-275
107,Keenan Allen,LAC,WR39,31.2,Tier 23,4u,3427,/dynasty-rankings/players/keenan-allen-265
108,Aaron Rodgers,NYJ,QB24,39.6,Tier 23,2d,3411,/dynasty-rankings/players/aaron-rodgers-235
109,D'Andre Swift,PHI,RB27,24.5,Tier 23,10d,3408,/dynasty-rankings/players/d-andre-swift-639
110,2023 Early 2nd,,PICK,,Tier 23,2u,3380,/dynasty-rankings/players/2023-early-2nd-1098
111,Isiah Pacheco,KCC,RB28,24.4,Tier 23,8d,3358,/dynasty-rankings/players/isiah-pacheco-1266
112,Derek Carr,NOS,QB25,32.3,Tier 23,5d,3316,/dynasty-rankings/players/derek-carr-85
113,Elijah Moore,CLE,WR40,23.3,Tier 23,4d,3294,/dynasty-rankings/players/elijah-moore-1012
114,Devon Achane,MIA,RB29,21.8,Tier 23,6d,3278,/dynasty-rankings/players/devon-achane-1398
115,Khalil Herbert,CHI,RB30,25.2,Tier 23,27u,3270,/dynasty-rankings/players/khalil-herbert-994
116,Tank Bigsby,JAC,RB31,21.9,Tier 23,22u,3241,/dynasty-rankings/players/tank-bigsby-1401
117,2024 Early 2nd,,PICK,,Tier 23,6u,3240,/dynasty-rankings/players/2024-early-2nd-1296
118,Skyy Moore,KCC,WR41,22.9,Tier 23,13u,3233,/dynasty-rankings/players/skyy-moore-1283
119,Kendre Miller,NOS,RB32,21.1,Tier 23,5d,3221,/dynasty-rankings/players/kendre-miller-1386
120,Mac Jones,NEP,QB26,24.9,Tier 23,1u,3209,/dynasty-rankings/players/mac-jones-1018
121,Mike Williams,LAC,WR42,28.8,Tier 23,8d,3201,/dynasty-rankings/players/mike-williams-230
122,Russell Wilson,DEN,QB27,34.6,Tier 23,18d,3164,/dynasty-rankings/players/russell-wilson-257
123,Jonathan Mingo,CAR,WR43,22.2,Tier 23,9u,3158,/dynasty-rankings/players/jonathan-mingo-1450
124,Michael Mayer,LVR,TE11,22.0,Tier 23,4d,3155,/dynasty-rankings/players/michael-mayer-1427
125,David Montgomery,DET,RB33,26.1,Tier 23,9d,3136,/dynasty-rankings/players/david-montgomery-288
126,Tyler Lockett,SEA,WR44,30.8,Tier 23,7u,3131,/dynasty-rankings/players/tyler-lockett-285
127,Alvin Kamara,NOS,RB34,28.0,Tier 23,3d,3129,/dynasty-rankings/players/alvin-kamara-282
128,Desmond Ridder,ATL,QB28,23.9,Tier 23,3d,3111,/dynasty-rankings/players/desmond-ridder-1213
129,Rashod Bateman,BAL,WR45,23.6,Tier 23,7d,3087,/dynasty-rankings/players/rashod-bateman-1070
130,Marvin Mims,DEN,WR46,21.3,Tier 23,18u,3077,/dynasty-rankings/players/marvin-mims-1442
131,Brian Robinson,WAS,RB35,24.3,Tier 23,1d,3073,/dynasty-rankings/players/brian-robinson-1232
132,DeAndre Hopkins,TEN,WR47,31.1,Tier 23,15d,3053,/dynasty-rankings/players/deandre-hopkins-280
133,Gabriel Davis,BUF,WR48,24.3,Tier 23,13u,3038,/dynasty-rankings/players/gabriel-davis-533
134,AJ Dillon,GBP,RB36,25.2,Tier 23,7d,3018,/dynasty-rankings/players/aj-dillon-631
135,Evan Engram,JAC,TE12,28.9,Tier 23,9d,3017,/dynasty-rankings/players/evan-engram-229
136,Romeo Doubs,GBP,WR49,23.3,Tier 24,15u,2965,/dynasty-rankings/players/romeo-doubs-1238
137,Antonio Gibson,WAS,RB37,25.1,Tier 24,8d,2941,/dynasty-rankings/players/antonio-gibson-584
138,James Conner,ARI,RB38,28.2,Tier 24,6u,2936,/dynasty-rankings/players/james-conner-268
139,2023 Mid 2nd,,PICK,,Tier 25,3d,2871,/dynasty-rankings/players/2023-mid-2nd-1099
140,Roschon Johnson,CHI,RB39,22.5,Tier 25,0,2861,/dynasty-rankings/players/roschon-johnson-1390
141,Rashee Rice,KCC,WR50,23.2,Tier 26,4u,2799,/dynasty-rankings/players/rashee-rice-1447
142,2025 Early 2nd,,PICK,,Tier 26,8u,2785,/dynasty-rankings/players/2025-early-2nd-1364
143,Jaylen Warren,PIT,RB40,24.7,Tier 26,40u,2759,/dynasty-rankings/players/jaylen-warren-1201
144,2024 Mid 2nd,,PICK,,Tier 26,1d,2746,/dynasty-rankings/players/2024-mid-2nd-1297
145,Chigoziem Okonkwo,TEN,TE13,23.9,Tier 26,2u,2713,/dynasty-rankings/players/chigoziem-okonkwo-1320
146,Jalin Hyatt,NYG,WR51,21.8,Tier 26,24u,2707,/dynasty-rankings/players/jalin-hyatt-1399
147,Kadarius Toney,KCC,WR52,24.5,Tier 26,14d,2695,/dynasty-rankings/players/kadarius-toney-1039
148,Dalvin Cook,FA,RB41,28.0,Tier 26,9d,2694,/dynasty-rankings/players/dalvin-cook-271
149,David Njoku,CLE,TE14,27.0,Tier 26,8d,2692,/dynasty-rankings/players/david-njoku-252
150,Jayden Reed,GBP,WR53,23.2,Tier 26,6u,2667,/dynasty-rankings/players/jayden-reed-1419
151,Tyjae Spears,TEN,RB42,22.1,Tier 27,9u,2550,/dynasty-rankings/players/tyjae-spears-1417
152,Luke Musgrave,GBP,TE15,22.9,Tier 27,24u,2537,/dynasty-rankings/players/luke-musgrave-1430
153,Cole Kmet,CHI,TE16,24.4,Tier 27,4d,2532,/dynasty-rankings/players/cole-kmet-569
154,Josh Downs,IND,WR54,21.9,Tier 28,1d,2475,/dynasty-rankings/players/josh-downs-1440
155,Courtland Sutton,DEN,WR55,27.8,Tier 28,18u,2459,/dynasty-rankings/players/courtland-sutton-226
156,2024 Late 2nd,,PICK,,Tier 28,10u,2455,/dynasty-rankings/players/2024-late-2nd-1298
157,2023 Late 2nd,,PICK,,Tier 28,2u,2440,/dynasty-rankings/players/2023-late-2nd-1100
158,John Metchie,HOU,WR56,23.0,Tier 28,4d,2437,/dynasty-rankings/players/john-metchie-1276
159,Greg Dulcich,DEN,TE17,23.3,Tier 28,24d,2435,/dynasty-rankings/players/greg-dulcich-1256
160,2025 Mid 2nd,,PICK,,Tier 28,8u,2432,/dynasty-rankings/players/2025-mid-2nd-1365
161,Nico Collins,HOU,WR57,24.3,Tier 28,0,2429,/dynasty-rankings/players/nico-collins-1040
162,Brandin Cooks,DAL,WR58,29.8,Tier 28,6d,2409,/dynasty-rankings/players/brandin-cooks-307
163,JuJu Smith-Schuster,NEP,WR59,26.7,Tier 28,8d,2392,/dynasty-rankings/players/juju-smith-schuster-276
164,Alec Pierce,IND,WR60,23.2,Tier 28,1d,2354,/dynasty-rankings/players/alec-pierce-1285
165,Tyler Allgeier,ATL,RB43,23.3,Tier 28,0,2351,/dynasty-rankings/players/tyler-allgeier-1228
166,Will Levis,TEN,QB29,24.1,Tier 28,29d,2326,/dynasty-rankings/players/will-levis-1402
167,Darnell Mooney,CHI,WR61,25.7,Tier 28,9d,2324,/dynasty-rankings/players/darnell-mooney-911
168,Nathaniel Dell,HOU,WR62,23.7,Tier 28,33u,2310,/dynasty-rankings/players/nathaniel-dell-1438
169,Matthew Stafford,LAR,QB30,35.4,Tier 28,17d,2307,/dynasty-rankings/players/matthew-stafford-356
170,Wan'Dale Robinson,NYG,WR63,22.5,Tier 28,2u,2268,/dynasty-rankings/players/wan-dale-robinson-1274
171,2025 Late 2nd,,PICK,,Tier 28,11u,2238,/dynasty-rankings/players/2025-late-2nd-1366
172,Dalton Schultz,HOU,TE18,27.0,Tier 28,3d,2236,/dynasty-rankings/players/dalton-schultz-487
173,Rondale Moore,ARI,WR64,23.1,Tier 28,6d,2230,/dynasty-rankings/players/rondale-moore-1006
174,Kenneth Gainwell,PHI,RB44,24.4,Tier 28,24u,2227,/dynasty-rankings/players/kenneth-gainwell-1032
175,Trey McBride,ARI,TE19,23.7,Tier 28,13d,2177,/dynasty-rankings/players/trey-mcbride-1253
176,Jimmy Garoppolo,LVR,QB31,31.7,Tier 28,5d,2171,/dynasty-rankings/players/jimmy-garoppolo-395
177,Jakobi Meyers,LVR,WR65,26.7,Tier 28,3d,2164,/dynasty-rankings/players/jakobi-meyers-13
178,Jamaal Williams,NOS,RB45,28.3,Tier 28,1u,2162,/dynasty-rankings/players/jamaal-williams-339
179,Elijah Mitchell,SFO,RB46,25.2,Tier 28,2d,2130,/dynasty-rankings/players/elijah-mitchell-1013
180,Michael Thomas,NOS,WR66,30.4,Tier 29,4u,2075,/dynasty-rankings/players/michael-thomas-278
181,Samaje Perine,DEN,RB47,27.8,Tier 29,1d,2045,/dynasty-rankings/players/samaje-perine-785
182,Cedric Tillman,CLE,WR67,23.2,Tier 29,22u,2045,/dynasty-rankings/players/cedric-tillman-1444
183,Justyn Ross,KCC,WR68,23.6,Tier 29,19u,2040,/dynasty-rankings/players/justyn-ross-1280
184,Allen Lazard,NYJ,WR69,27.6,Tier 29,6u,2038,/dynasty-rankings/players/allen-lazard-46
185,Rashaad Penny,PHI,RB48,27.5,Tier 29,22d,2036,/dynasty-rankings/players/rashaad-penny-210
186,Isaiah Likely,BAL,TE20,23.3,Tier 29,11d,2032,/dynasty-rankings/players/isaiah-likely-1257
187,Zamir White,LVR,RB49,23.8,Tier 29,10u,2027,/dynasty-rankings/players/zamir-white-1230
188,Deuce Vaughn,DAL,RB50,21.7,Tier 29,54u,1992,/dynasty-rankings/players/deuce-vaughn-1391
189,Michael Wilson,ARI,WR70,23.4,Tier 29,22u,1985,/dynasty-rankings/players/michael-wilson-1421
190,Jake Ferguson,DAL,TE21,24.5,Tier 29,45u,1969,/dynasty-rankings/players/jake-ferguson-1258
191,Tyler Boyd,CIN,WR71,28.7,Tier 29,4d,1966,/dynasty-rankings/players/tyler-boyd-231
192,Donovan Peoples-Jones,CLE,WR72,24.4,Tier 29,4d,1961,/dynasty-rankings/players/donovan-peoples-jones-579
193,Michael Gallup,DAL,WR73,27.4,Tier 29,4d,1957,/dynasty-rankings/players/michael-gallup-237
194,Rashid Shaheed,NOS,WR74,24.9,Tier 29,4d,1947,/dynasty-rankings/players/rashid-shaheed-1360
195,Baker Mayfield,TBB,QB32,28.3,Tier 29,1d,1935,/dynasty-rankings/players/baker-mayfield-215
196,Zay Jones,JAC,WR75,28.3,Tier 29,10u,1914,/dynasty-rankings/players/zay-jones-327
197,2023 Early 3rd,,PICK,,Tier 29,8u,1911,/dynasty-rankings/players/2023-early-3rd-1101
198,Damien Harris,BUF,RB51,26.4,Tier 29,20d,1898,/dynasty-rankings/players/damien-harris-386
199,Chase Brown,CIN,RB52,23.3,Tier 29,14d,1888,/dynasty-rankings/players/chase-brown-1396
200,Hendon Hooker,DET,QB33,25.5,Tier 29,14d,1885,/dynasty-rankings/players/hendon-hooker-1404
201,Isaiah Hodgins,NYG,WR76,24.8,Tier 29,6d,1867,/dynasty-rankings/players/isaiah-hodgins-561
202,D.J. Chark,CAR,WR77,26.8,Tier 29,2d,1861,/dynasty-rankings/players/dj-chark-361
203,Jerome Ford,CLE,RB53,23.8,Tier 29,11d,1857,/dynasty-rankings/players/jerome-ford-1229
204,Juwan Johnson,NOS,TE22,26.8,Tier 29,6u,1852,/dynasty-rankings/players/juwan-johnson-575
205,Odell Beckham,BAL,WR78,30.7,Tier 29,7u,1835,/dynasty-rankings/players/odell-beckham-279
206,Puka Nacua,LAR,WR79,22.1,Tier 29,20u,1819,/dynasty-rankings/players/puka-nacua-1426
207,Ryan Tannehill,TEN,QB34,35.0,Tier 29,26d,1785,/dynasty-rankings/players/ryan-tannehill-183
208,Luke Schoonmaker,DAL,TE23,24.8,Tier 29,6u,1777,/dynasty-rankings/players/luke-schoonmaker-1382
209,2024 Early 3rd,,PICK,,Tier 29,9u,1758,/dynasty-rankings/players/2024-early-3rd-1299
210,Trey Lance,SFO,QB35,23.2,Tier 29,92d,1755,/dynasty-rankings/players/trey-lance-1017
211,2023 Mid 3rd,,PICK,,Tier 29,8u,1716,/dynasty-rankings/players/2023-mid-3rd-1102
212,Devin Singletary,HOU,RB54,25.9,Tier 29,19d,1702,/dynasty-rankings/players/devin-singletary-238
213,Irv Smith Jr.,CIN,TE24,25.0,Tier 29,14d,1685,/dynasty-rankings/players/irv-smith-jr-399
214,Dawson Knox,BUF,TE25,26.7,Tier 29,18d,1684,/dynasty-rankings/players/dawson-knox-88
215,Darnell Washington,PIT,TE26,21.9,Tier 29,8u,1680,/dynasty-rankings/players/darnell-washington-1431
216,Evan Hull,IND,RB55,22.7,Tier 29,57u,1663,/dynasty-rankings/players/evan-hull-1395
217,Zach Evans,LAR,RB56,22.1,Tier 29,10d,1645,/dynasty-rankings/players/zach-evans-1416
218,Curtis Samuel,WAS,WR80,26.9,Tier 29,15d,1640,/dynasty-rankings/players/curtis-samuel-244
219,Chase Claypool,CHI,WR81,25.0,Tier 29,1u,1637,/dynasty-rankings/players/chase-claypool-537
220,Sean Tucker,TBB,RB57,21.7,Tier 29,19u,1617,/dynasty-rankings/players/sean-tucker-1400
221,K.J. Osborn,MIN,WR82,26.1,Tier 29,4d,1605,/dynasty-rankings/players/kj-osborn-912
222,Dorian Thompson-Robinson,CLE,QB36,23.7,Tier 29,117u,1595,/dynasty-rankings/players/dorian-thompson-robinson-1411
223,2024 Mid 3rd,,PICK,,Tier 29,13u,1591,/dynasty-rankings/players/2024-mid-3rd-1300
224,Hunter Renfrow,LVR,WR83,27.6,Tier 29,3d,1567,/dynasty-rankings/players/hunter-renfrow-100
225,2025 Early 3rd,,PICK,,Tier 29,15u,1559,/dynasty-rankings/players/2025-early-3rd-1367
226,Ezekiel Elliott,FA,RB58,28.0,Tier 29,32u,1544,/dynasty-rankings/players/ezekiel-elliott-281
227,Josh Palmer,LAC,WR84,23.8,Tier 29,5u,1528,/dynasty-rankings/players/josh-palmer-1065
228,Sam Darnold,SFO,QB37,26.1,Tier 29,34u,1524,/dynasty-rankings/players/sam-darnold-331
229,Tyler Higbee,LAR,TE27,30.6,Tier 29,7d,1517,/dynasty-rankings/players/tyler-higbee-159
230,Parris Campbell,NYG,WR85,26.0,Tier 29,3u,1503,/dynasty-rankings/players/parris-campbell-313
231,Jerick McKinnon,KCC,RB59,31.2,Tier 29,16d,1500,/dynasty-rankings/players/jerick-mckinnon-406
232,Terrace Marshall,CAR,WR86,23.1,Tier 29,19d,1496,/dynasty-rankings/players/terrace-marshall-1085
233,Darius Slayton,NYG,WR87,26.5,Tier 29,22u,1491,/dynasty-rankings/players/darius-slayton-77
234,Gerald Everett,LAC,TE28,29.1,Tier 29,0,1478,/dynasty-rankings/players/gerald-everett-55
235,Noah Fant,SEA,TE29,25.7,Tier 29,11d,1452,/dynasty-rankings/players/noah-fant-243
236,Deon Jackson,IND,RB60,24.4,Tier 29,102u,1452,/dynasty-rankings/players/deon-jackson-1000
237,Aidan O'Connell,LVR,QB38,24.9,Tier 29,116u,1441,/dynasty-rankings/players/aidan-o-connell-1412
238,Kayshon Boutte,NEP,WR88,21.2,Tier 29,40u,1437,/dynasty-rankings/players/kayshon-boutte-1446
239,Chuba Hubbard,CAR,RB61,24.1,Tier 29,8d,1435,/dynasty-rankings/players/chuba-hubbard-1014
240,2023 Late 3rd,,PICK,,Tier 29,5u,1432,/dynasty-rankings/players/2023-late-3rd-1103
241,Israel Abanikanda,NYJ,RB62,20.8,Tier 29,33d,1423,/dynasty-rankings/players/israel-abanikanda-1383
242,Zach Wilson,NYJ,QB39,24.0,Tier 29,24u,1420,/dynasty-rankings/players/zach-wilson-1016
243,Jeffery Wilson,MIA,RB63,27.7,Tier 29,17u,1406,/dynasty-rankings/players/jeffery-wilson-199
244,Clyde Edwards-Helaire,KCC,RB64,24.3,Tier 29,16d,1397,/dynasty-rankings/players/clyde-edwards-helaire-633
245,Jelani Woods,IND,TE30,24.8,Tier 29,18d,1379,/dynasty-rankings/players/jelani-woods-1305
246,Daniel Bellinger,NYG,TE31,22.8,Tier 29,9d,1372,/dynasty-rankings/players/daniel-bellinger-1322
247,Ty Chandler,MIN,RB65,25.2,Tier 29,21u,1357,/dynasty-rankings/players/ty-chandler-1182
248,Khalil Shakir,BUF,WR89,23.5,Tier 29,40d,1352,/dynasty-rankings/players/khalil-shakir-1278
249,Mike Gesicki,NEP,TE32,27.8,Tier 29,19d,1343,/dynasty-rankings/players/mike-gesicki-330
250,DeWayne McBride,MIN,RB66,22.0,Tier 29,25d,1333,/dynasty-rankings/players/dewayne-mcbride-1394
251,Chris Evans,CIN,RB67,25.8,Tier 29,50u,1332,/dynasty-rankings/players/chris-evans-998
252,Trey Palmer,TBB,WR90,22.3,Tier 29,73u,1332,/dynasty-rankings/players/trey-palmer-1452
253,Adam Thielen,CAR,WR91,32.9,Tier 29,15d,1317,/dynasty-rankings/players/adam-thielen-308
254,2025 Mid 3rd,,PICK,,Tier 29,5d,1315,/dynasty-rankings/players/2025-mid-3rd-1368
255,D'Onta Foreman,CHI,RB68,27.2,Tier 29,26d,1308,/dynasty-rankings/players/d-onta-foreman-358
256,Tyquan Thornton,NEP,WR92,22.9,Tier 29,41d,1308,/dynasty-rankings/players/tyquan-thornton-1246
257,Cade Otton,TBB,TE33,24.3,Tier 29,16d,1302,/dynasty-rankings/players/cade-otton-1261
258,Malik Willis,TEN,QB40,24.2,Tier 29,29u,1299,/dynasty-rankings/players/malik-willis-1210
259,2024 Late 3rd,,PICK,,Tier 29,2u,1292,/dynasty-rankings/players/2024-late-3rd-1301
260,Raheem Mostert,MIA,RB69,31.3,Tier 29,15u,1280,/dynasty-rankings/players/raheem-mostert-43
261,Mecole Hardman,NYJ,WR93,25.4,Tier 29,15d,1275,/dynasty-rankings/players/mecole-hardman-404
262,Isaiah Spiller,LAC,RB70,22.0,Tier 29,10d,1275,/dynasty-rankings/players/isaiah-spiller-1225
263,Kyren Williams,LAR,RB71,22.9,Tier 29,9u,1273,/dynasty-rankings/players/kyren-williams-1226
264,Stetson Bennett,LAR,QB41,25.7,Tier 29,5d,1267,/dynasty-rankings/players/stetson-bennett-1406
265,Van Jefferson,LAR,WR94,27.0,Tier 29,8d,1230,/dynasty-rankings/players/van-jefferson-578
266,Kareem Hunt,FA,RB72,28.0,Tier 29,2u,1220,/dynasty-rankings/players/kareem-hunt-214
267,Marquez Valdes-Scantling,KCC,WR95,28.8,Tier 29,16d,1218,/dynasty-rankings/players/marquez-valdes-scantling-369
268,Bailey Zappe,NEP,QB42,24.2,Tier 29,5d,1197,/dynasty-rankings/players/bailey-zappe-1212
269,2025 Late 3rd,,PICK,,Tier 29,2d,1187,/dynasty-rankings/players/2025-late-3rd-1369
270,Calvin Austin III,PIT,WR96,24.3,Tier 29,52u,1184,/dynasty-rankings/players/calvin-austin-iii-1262
271,Xavier Hutchinson,HOU,WR97,23.1,Tier 29,17d,1181,/dynasty-rankings/players/xavier-hutchinson-1454
272,Greg Dortch,ARI,WR98,25.1,Tier 29,29d,1174,/dynasty-rankings/players/greg-dortch-10
273,Hunter Henry,NEP,TE34,28.6,Tier 29,8d,1171,/dynasty-rankings/players/hunter-henry-212
274,Kyle Trask,TBB,QB43,25.4,Tier 29,27d,1170,/dynasty-rankings/players/kyle-trask-1019
275,Keaontay Ingram,ARI,RB73,23.7,Tier 29,22d,1159,/dynasty-rankings/players/keaontay-ingram-1193
276,Hayden Hurst,CAR,TE35,29.9,Tier 29,20d,1147,/dynasty-rankings/players/hayden-hurst-8
277,Tucker Kraft,GBP,TE36,22.7,Tier 29,33d,1140,/dynasty-rankings/players/tucker-kraft-1418
278,A.T. Perry,NOS,WR99,23.7,Tier 29,5u,1138,/dynasty-rankings/players/at-perry-1449
279,Michael Carter,NYJ,RB74,24.2,Tier 29,31d,1120,/dynasty-rankings/players/michael-carter-1035
280,Gus Edwards,BAL,RB75,28.3,Tier 29,2u,1080,/dynasty-rankings/players/gus-edwards-76
281,Jalen Tolbert,DAL,WR100,24.4,Tier 29,14u,1080,/dynasty-rankings/players/jalen-tolbert-1247
282,Zack Moss,IND,RB76,25.6,Tier 29,52u,1076,/dynasty-rankings/players/zack-moss-638
283,Eric Gray,NYG,RB77,23.7,Tier 29,12d,1073,/dynasty-rankings/players/eric-gray-1388
284,Deneric Prince,KCC,RB78,23.3,Tier 29,14d,1039,/dynasty-rankings/players/deneric-prince-1476
285,2023 Early 4th,,PICK,,Tier 29,12u,1035,/dynasty-rankings/players/2023-early-4th-1104
286,Joshua Kelley,LAC,RB79,25.7,Tier 29,21u,1020,/dynasty-rankings/players/joshua-kelley-629
287,Gardner Minshew,IND,QB44,27.2,Tier 29,8d,1016,/dynasty-rankings/players/gardner-minshew-47
288,Zach Ertz,ARI,TE37,32.7,Tier 29,2d,1016,/dynasty-rankings/players/zach-ertz-305
289,Richie James,KCC,WR101,28.3,Tier 29,5u,1008,/dynasty-rankings/players/richie-james-168
290,Noah Gray,KCC,TE38,24.2,Tier 29,3u,1005,/dynasty-rankings/players/noah-gray-1059
291,Tyler Huntley,BAL,QB45,25.5,Tier 29,15d,982,/dynasty-rankings/players/tyler-huntley-618
292,Tutu Atwell,LAR,WR102,23.8,Tier 29,17u,982,/dynasty-rankings/players/tutu-atwell-1078
293,Chris Rodriguez,WAS,RB80,22.8,Tier 29,12d,979,/dynasty-rankings/players/chris-rodriguez-1389
294,Tyler Scott,CHI,WR103,21.8,Tier 29,4d,975,/dynasty-rankings/players/tyler-scott-1436
295,Tyrion Davis-Price,SFO,RB81,22.7,Tier 29,41u,968,/dynasty-rankings/players/tyrion-davis-price-1234
296,Tyler Conklin,NYJ,TE39,28.0,Tier 29,5u,961,/dynasty-rankings/players/tyler-conklin-489
297,Laviska Shenault,CAR,WR104,24.8,Tier 29,9d,952,/dynasty-rankings/players/laviska-shenault-540
298,Kenny McIntosh,SEA,RB82,23.4,Tier 29,28u,952,/dynasty-rankings/players/kenny-mcintosh-1385
299,Malik Davis,DAL,RB83,24.6,Tier 29,25d,949,/dynasty-rankings/players/malik-davis-1197
300,Albert Okwuegbunam,DEN,TE40,25.2,Tier 29,1d,936,/dynasty-rankings/players/albert-okwuegbunam-563
301,David Bell,CLE,WR105,22.6,Tier 29,12d,935,/dynasty-rankings/players/david-bell-1275
302,Pierre Strong Jr.,NEP,RB84,24.6,Tier 29,52d,934,/dynasty-rankings/players/pierre-strong-jr-1204
303,Rico Dowdle,DAL,RB85,25.1,Tier 29,169u,932,/dynasty-rankings/players/rico-dowdle-555
304,DeVante Parker,NEP,WR106,30.5,Tier 29,8d,926,/dynasty-rankings/players/devante-parker-334
305,Demario Douglas,NEP,WR107,22.6,Tier 29,146u,922,/dynasty-rankings/players/demario-douglas-1468
306,2023 Mid 4th,,PICK,,Tier 29,6u,918,/dynasty-rankings/players/2023-mid-4th-1105
307,Dyami Brown,WAS,WR108,23.7,Tier 29,34u,909,/dynasty-rankings/players/dyami-brown-1069
308,Clayton Tune,ARI,QB46,24.3,Tier 29,4d,902,/dynasty-rankings/players/clayton-tune-1413
309,2024 Early 4th,,PICK,,Tier 29,1u,897,/dynasty-rankings/players/2024-early-4th-1302
310,Devin Duvernay,BAL,WR109,25.8,Tier 29,6u,893,/dynasty-rankings/players/devin-duvernay-560
311,Cole Turner,WAS,TE41,23.4,Tier 29,25u,875,/dynasty-rankings/players/cole-turner-1179
312,2024 Mid 4th,,PICK,,Tier 29,8u,873,/dynasty-rankings/players/2024-mid-4th-1303
313,Trayveon Williams,CIN,RB86,25.8,Tier 29,33d,869,/dynasty-rankings/players/trayveon-williams-99
314,Foster Moreau,NOS,TE42,26.2,Tier 29,22d,856,/dynasty-rankings/players/foster-moreau-179
315,Jacoby Brissett,WAS,QB47,30.6,Tier 29,30d,840,/dynasty-rankings/players/jacoby-brissett-20
316,Davis Mills,HOU,QB48,24.8,Tier 29,2d,831,/dynasty-rankings/players/davis-mills-1029
317,Kyle Philips,TEN,WR110,24.1,Tier 29,40d,829,/dynasty-rankings/players/kyle-philips-1318
318,Charlie Jones,CIN,WR111,24.7,Tier 29,3d,826,/dynasty-rankings/players/charlie-jones-1455
319,Cordarrelle Patterson,ATL,RB87,32.3,Tier 29,11u,818,/dynasty-rankings/players/cordarrelle-patterson-187
320,2025 Early 4th,,PICK,,Tier 29,15u,798,/dynasty-rankings/players/2025-early-4th-1370
321,Robert Woods,HOU,WR112,31.3,Tier 29,16d,791,/dynasty-rankings/players/robert-woods-291
322,Jordan Mason,SFO,RB88,24.2,Tier 29,1u,790,/dynasty-rankings/players/jordan-mason-1330
323,2023 Late 4th,,PICK,,Tier 29,6u,786,/dynasty-rankings/players/2023-late-4th-1106
324,Parker Washington,JAC,WR113,21.3,Tier 29,9u,782,/dynasty-rankings/players/parker-washington-1445
325,Jameis Winston,NOS,QB49,29.5,Tier 29,2u,769,/dynasty-rankings/players/jameis-winston-413
326,Kendrick Bourne,NEP,WR114,28.0,Tier 29,5u,753,/dynasty-rankings/players/kendrick-bourne-153
327,Kene Nwangwu,MIN,RB89,25.4,Tier 29,19d,752,/dynasty-rankings/players/kene-nwangwu-1120
328,Taylor Heinicke,ATL,QB50,30.4,Tier 29,11d,740,/dynasty-rankings/players/taylor-heinicke-977
329,Brenton Strange,JAC,TE43,22.6,Tier 29,1d,729,/dynasty-rankings/players/brenton-strange-1461
330,2024 Late 4th,,PICK,,Tier 29,16u,728,/dynasty-rankings/players/2024-late-4th-1304
331,Elijah Higgins,MIA,TE44,22.7,Tier 29,24u,728,/dynasty-rankings/players/elijah-higgins-1469
332,Ke'Shawn Vaughn,TBB,RB90,26.2,Tier 29,13d,725,/dynasty-rankings/players/ke-shawn-vaughn-626
333,Adam Trautman,DEN,TE45,26.4,Tier 29,43u,718,/dynasty-rankings/players/adam-trautman-566
334,Justice Hill,BAL,RB91,25.7,Tier 29,52u,717,/dynasty-rankings/players/justice-hill-368
335,2025 Mid 4th,,PICK,,Tier 29,17u,708,/dynasty-rankings/players/2025-mid-4th-1371
336,Marquez Callaway,DEN,WR115,25.3,Tier 29,25u,700,/dynasty-rankings/players/marquez-callaway-887
337,Chase Edmonds,TBB,RB92,27.3,Tier 29,11u,691,/dynasty-rankings/players/chase-edmonds-354
338,Zonovan Knight,NYJ,RB93,22.3,Tier 29,40d,690,/dynasty-rankings/players/zonovan-knight-1186
339,Leonard Fournette,FA,RB94,28.5,Tier 29,48d,688,/dynasty-rankings/players/leonard-fournette-309
340,Taysom Hill,NOS,TE46,32.9,Tier 29,22d,683,/dynasty-rankings/players/taysom-hill-150
341,Josh Reynolds,DET,WR116,28.4,Tier 29,2u,669,/dynasty-rankings/players/josh-reynolds-61
342,Isaiah McKenzie,IND,WR117,28.3,Tier 29,2d,667,/dynasty-rankings/players/isaiah-mckenzie-766
343,Allen Robinson,PIT,WR118,29.9,Tier 29,31d,664,/dynasty-rankings/players/allen-robinson-233
344,Quez Watkins,PHI,WR119,25.1,Tier 29,6u,661,/dynasty-rankings/players/quez-watkins-914
345,KJ Hamler,DEN,WR120,24.0,Tier 29,62d,640,/dynasty-rankings/players/kj-hamler-541
346,Kevin Harris,NEP,RB95,22.7,Tier 29,46d,640,/dynasty-rankings/players/kevin-harris-1205
347,Tre Tucker,LVR,WR120,22.4,Tier 29,7u,640,/dynasty-rankings/players/tre-tucker-1460
348,Rakim Jarrett,TBB,WR122,22.5,Tier 29,56u,622,/dynasty-rankings/players/rakim-jarrett-1451
349,Dontayvion Wicks,GBP,WR123,22.1,Tier 29,2d,621,/dynasty-rankings/players/dontayvion-wicks-1448
350,Donald Parham,LAC,TE47,25.9,Tier 29,26d,601,/dynasty-rankings/players/donald-parham-882
351,Mack Hollins,ATL,WR124,29.8,Tier 29,8u,596,/dynasty-rankings/players/mack-hollins-767
352,Hassan Haskins,TEN,RB96,23.6,Tier 29,10u,586,/dynasty-rankings/players/hassan-haskins-1191
353,Austin Hooper,LVR,TE48,28.7,Tier 29,3u,585,/dynasty-rankings/players/austin-hooper-384
354,Jauan Jennings,SFO,WR125,26.0,Tier 29,26u,583,/dynasty-rankings/players/jauan-jennings-576
355,Deonte Harty,BUF,WR125,25.6,Tier 29,45u,583,/dynasty-rankings/players/deonte-harty-612
356,Sterling Shepard,NYG,WR127,30.4,Tier 29,7d,574,/dynasty-rankings/players/sterling-shepard-255
357,Mike White,MIA,QB51,28.3,Tier 29,37d,574,/dynasty-rankings/players/mike-white-795
358,D'Ernest Johnson,JAC,RB97,27.4,Tier 29,6u,567,/dynasty-rankings/players/d-ernest-johnson-445
359,Nick Westbrook-Ikhine,TEN,WR128,26.3,Tier 29,22u,567,/dynasty-rankings/players/nick-westbrook-ikhine-950
360,Demetric Felton,CLE,RB98,25.0,Tier 29,43u,566,/dynasty-rankings/players/demetric-felton-993
361,2025 Late 4th,,PICK,,Tier 29,44u,564,/dynasty-rankings/players/2025-late-4th-1372
362,Amari Rodgers,HOU,WR129,23.8,Tier 29,5d,554,/dynasty-rankings/players/amari-rodgers-1074
363,Justin Shorter,BUF,WR130,23.3,Tier 29,0,545,/dynasty-rankings/players/justin-shorter-1425
364,Brevin Jordan,HOU,TE49,23.0,Tier 29,19d,544,/dynasty-rankings/players/brevin-jordan-1052
365,Noah Brown,HOU,WR131,26.0,Tier 29,7u,540,/dynasty-rankings/players/noah-brown-776
366,DeeJay Dallas,SEA,RB99,24.8,Tier 29,19u,533,/dynasty-rankings/players/deejay-dallas-621
367,Anthony Schwartz,CLE,WR132,22.9,Tier 29,7u,531,/dynasty-rankings/players/anthony-schwartz-1073
368,Jeremy Ruckert,NYJ,TE50,22.9,Tier 29,3d,525,/dynasty-rankings/players/jeremy-ruckert-1255
369,Julius Chestnut,TEN,RB100,22.7,Tier 29,32u,519,/dynasty-rankings/players/julius-chestnut-1325
370,Jarrett Stidham,DEN,QB52,27.0,Tier 29,28d,517,/dynasty-rankings/players/jarrett-stidham-156
371,Salvon Ahmed,MIA,RB101,24.6,Tier 29,98u,514,/dynasty-rankings/players/salvon-ahmed-625
372,Jalen Guyton,LAC,WR133,26.1,Tier 29,5d,513,/dynasty-rankings/players/jalen-guyton-467
373,Denzel Mims,NYJ,WR134,25.8,Tier 29,67d,503,/dynasty-rankings/players/denzel-mims-558
374,Tyler Johnson,LAR,WR135,24.9,Tier 29,52u,501,/dynasty-rankings/players/tyler-johnson-572
375,Ben Skowronek,LAR,WR136,26.1,Tier 29,9d,496,/dynasty-rankings/players/ben-skowronek-1110
376,Peyton Hendershot,DAL,TE51,24.2,Tier 29,44d,495,/dynasty-rankings/players/peyton-hendershot-1349
377,Zack Kuntz,NYJ,TE52,24.1,Tier 29,26d,491,/dynasty-rankings/players/zack-kuntz-1457
378,Drew Lock,SEA,QB53,26.7,Tier 29,28u,486,/dynasty-rankings/players/drew-lock-33
379,Trey Sermon,PHI,RB102,24.5,Tier 29,38u,486,/dynasty-rankings/players/trey-sermon-1034
380,Andrei Iosivas,CIN,WR137,23.8,Tier 29,108u,486,/dynasty-rankings/players/andrei-iosivas-1422
381,Boston Scott,PHI,RB103,28.2,Tier 29,8d,483,/dynasty-rankings/players/boston-scott-484
382,Tommy Tremble,CAR,TE53,23.1,Tier 29,24d,479,/dynasty-rankings/players/tommy-tremble-1054
383,Harrison Bryant,CLE,TE54,25.2,Tier 29,15d,475,/dynasty-rankings/players/harrison-bryant-752
384,Raheem Blackshear,CAR,RB104,25.1,Tier 29,14d,473,/dynasty-rankings/players/raheem-blackshear-1331
385,Jermar Jefferson,DET,RB105,23.3,Tier 29,31u,472,/dynasty-rankings/players/jermar-jefferson-1038
386,Marvin Jones,DET,WR138,33.4,Tier 29,10d,466,/dynasty-rankings/players/marvin-jones-245
387,Matt Corral,CAR,QB54,24.5,Tier 29,18d,464,/dynasty-rankings/players/matt-corral-1292
388,Jonnu Smith,ATL,TE55,27.9,Tier 29,13d,460,/dynasty-rankings/players/jonnu-smith-84
389,JaMycal Hasty,JAC,RB106,26.8,Tier 29,3d,455,/dynasty-rankings/players/jamycal-hasty-557
390,Jake Haener,NOS,QB55,24.4,Tier 29,19u,453,/dynasty-rankings/players/jake-haener-1409
391,Keaton Mitchell,BAL,RB107,-1.0,Tier 29,24u,452,/dynasty-rankings/players/keaton-mitchell-1393
392,Tre'Quan Smith,NOS,WR139,27.5,Tier 29,3u,450,/dynasty-rankings/players/tre-quan-smith-389
393,Robert Tonyan,CHI,TE56,29.2,Tier 29,11d,449,/dynasty-rankings/players/robert-tonyan-809
394,Skylar Thompson,MIA,QB56,26.1,Tier 29,45u,446,/dynasty-rankings/players/skylar-thompson-1215
395,Tyler Badie,DEN,RB108,23.4,Tier 29,24d,442,/dynasty-rankings/players/tyler-badie-1206
396,Eno Benjamin,NOS,RB109,24.3,Tier 29,6d,437,/dynasty-rankings/players/eno-benjamin-635
397,Cameron Latu,SFO,TE57,23.4,Tier 29,11d,437,/dynasty-rankings/players/cameron-latu-1432
398,Cedrick Wilson,MIA,WR140,27.7,Tier 29,1u,435,/dynasty-rankings/players/cedrick-wilson-498
399,Russell Gage,TBB,WR141,27.5,Tier 29,88d,434,/dynasty-rankings/players/russell-gage-165
400,Danny Gray,SFO,WR141,24.3,Tier 29,21d,434,/dynasty-rankings/players/danny-gray-1241
401,Braxton Berrios,MIA,WR143,27.8,Tier 29,8u,433,/dynasty-rankings/players/braxton-berrios-126
402,Matt Breida,NYG,RB110,28.4,Tier 29,26d,432,/dynasty-rankings/players/matt-breida-376
403,Shi Smith,CAR,WR144,24.7,Tier 29,5u,430,/dynasty-rankings/players/shi-smith-1075
404,Olamide Zaccheaus,PHI,WR145,26.0,Tier 29,20d,425,/dynasty-rankings/players/olamide-zaccheaus-609
405,Max Duggan,LAC,QB57,22.4,Tier 29,33u,423,/dynasty-rankings/players/max-duggan-1408
406,Trent Sherfield,BUF,WR146,27.4,Tier 29,9d,422,/dynasty-rankings/players/trent-sherfield-524
407,Samori Toure,GBP,WR146,25.3,Tier 29,55u,422,/dynasty-rankings/players/samori-toure-1306
408,Anthony McFarland,PIT,RB111,24.4,Tier 29,16u,419,/dynasty-rankings/players/anthony-mcfarland-632
409,Jalen Nailor,MIN,WR148,24.4,Tier 29,21u,414,/dynasty-rankings/players/jalen-nailor-1245
410,Jaret Patterson,WAS,RB112,23.6,Tier 29,18d,413,/dynasty-rankings/players/jaret-patterson-1037
411,Tre' McKitty,LAC,TE58,24.5,Tier 29,11u,412,/dynasty-rankings/players/tre--mckitty-1055
412,Jaelon Darden,CLE,WR149,24.5,Tier 29,33u,411,/dynasty-rankings/players/jaelon-darden-1043
413,Bryce Ford-Wheaton,NYG,WR149,23.4,Tier 29,34u,411,/dynasty-rankings/players/bryce-ford-wheaton-1474
414,Snoop Conner,JAC,RB113,23.6,Tier 29,18d,408,/dynasty-rankings/players/snoop-conner-1184
415,Myles Gaskin,MIA,RB114,26.4,Tier 29,42u,406,/dynasty-rankings/players/myles-gaskin-3
416,Mitchell Trubisky,PIT,QB58,28.9,Tier 29,27d,406,/dynasty-rankings/players/mitchell-trubisky-321
417,Nyheim Hines,BUF,RB115,26.7,Tier 29,23d,404,/dynasty-rankings/players/nyheim-hines-412
418,Jalen Reagor,MIN,WR151,24.6,Tier 29,15u,403,/dynasty-rankings/players/jalen-reagor-539
419,Tylan Wallace,BAL,WR152,24.2,Tier 29,40u,402,/dynasty-rankings/players/tylan-wallace-1008
420,Zach Pascal,ARI,WR153,28.6,Tier 29,2d,400,/dynasty-rankings/players/zach-pascal-48
421,Equanimeous St. Brown,CHI,WR154,26.8,Tier 29,10d,399,/dynasty-rankings/players/equanimeous-st-brown-9
422,Will Dissly,SEA,TE59,27.0,Tier 29,32d,395,/dynasty-rankings/players/will-dissly-86
423,Erik Ezukanma,MIA,WR155,23.5,Tier 29,9u,394,/dynasty-rankings/players/erik-ezukanma-1239
424,Ronald Jones,DAL,RB116,26.0,Tier 29,65d,391,/dynasty-rankings/players/ronald-jones-378
425,C.J. Uzomah,NYJ,TE60,30.5,Tier 29,23d,388,/dynasty-rankings/players/cj-uzomah-137
426,Kylen Granson,IND,TE60,25.3,Tier 29,3d,388,/dynasty-rankings/players/kylen-granson-1119
427,Travis Homer,CHI,RB117,25.0,Tier 29,17u,387,/dynasty-rankings/players/travis-homer-160
428,Caleb Huntley,ATL,RB118,24.8,Tier 29,16d,386,/dynasty-rankings/players/caleb-huntley-1124
429,Brock Wright,DET,TE62,24.6,Tier 29,36d,385,/dynasty-rankings/players/brock-wright-1162
430,Jaren Hall,MIN,QB59,25.3,Tier 29,16d,383,/dynasty-rankings/players/jaren-hall-1407
431,James Mitchell,DET,TE63,23.9,Tier 29,11u,380,/dynasty-rankings/players/james-mitchell-1316
432,Demarcus Robinson,LAR,WR156,28.8,Tier 29,4u,377,/dynasty-rankings/players/demarcus-robinson-52
433,Lance McCutcheon,LAR,WR157,24.4,Tier 29,28u,375,/dynasty-rankings/players/lance-mccutcheon-1345
434,Logan Thomas,WAS,TE64,32.0,Tier 29,37d,369,/dynasty-rankings/players/logan-thomas-653
435,Lew Nichols,GBP,RB119,21.9,Tier 29,10u,369,/dynasty-rankings/players/lew-nichols-1465
436,James Washington,NOS,WR158,27.3,Tier 29,1u,368,/dynasty-rankings/players/james-washington-242
437,J.J. Taylor,NEP,RB120,25.5,Tier 29,6d,368,/dynasty-rankings/players/jj-taylor-551
438,Ashton Dulin,IND,WR159,26.2,Tier 29,12u,367,/dynasty-rankings/players/ashton-dulin-427
439,Latavius Murray,BUF,RB121,33.5,Tier 29,13u,366,/dynasty-rankings/players/latavius-murray-398
440,Scotty Miller,ATL,WR160,26.0,Tier 29,12d,366,/dynasty-rankings/players/scotty-miller-442
441,Kalif Raymond,DET,WR161,29.0,Tier 29,12d,364,/dynasty-rankings/players/kalif-raymond-822
442,Colby Parkinson,SEA,TE65,24.5,Tier 29,9u,363,/dynasty-rankings/players/colby-parkinson-565
443,Bryan Edwards,NOS,WR162,24.7,Tier 29,37d,361,/dynasty-rankings/players/bryan-edwards-534
444,Teddy Bridgewater,FA,QB60,30.8,Tier 29,12u,360,/dynasty-rankings/players/teddy-bridgewater-158
445,Sincere McCormick,LVR,RB122,22.9,Tier 29,19u,359,/dynasty-rankings/players/sincere-mccormick-1202
446,Hunter Long,LAR,TE66,24.9,Tier 29,19d,356,/dynasty-rankings/players/hunter-long-1056
447,Gary Brightwell,NYG,RB123,24.4,Tier 29,29d,355,/dynasty-rankings/players/gary-brightwell-1115
448,Mohamed Ibrahim,DET,RB124,24.9,Tier 29,66d,353,/dynasty-rankings/players/mohamed-ibrahim-1387
449,Ihmir Smith-Marsette,KCC,WR163,23.9,Tier 29,9d,348,/dynasty-rankings/players/ihmir-smith-marsette-1117
450,Velus Jones,CHI,WR164,26.2,Tier 29,7d,347,/dynasty-rankings/players/velus-jones-1284
451,James Proche,BAL,WR165,26.8,Tier 29,36u,345,/dynasty-rankings/players/james-proche-587
452,John Bates,WAS,TE67,25.7,Tier 29,14u,345,/dynasty-rankings/players/john-bates-1080
453,Sean Clifford,GBP,QB61,25.0,Tier 29,20u,342,/dynasty-rankings/players/sean-clifford-1470
454,Mo Alie-Cox,IND,TE68,29.8,Tier 29,34d,341,/dynasty-rankings/players/mo-alie-cox-195
455,James Robinson,FA,RB125,25.0,Tier 29,111d,339,/dynasty-rankings/players/james-robinson-623
456,Miles Boykin,PIT,WR166,26.8,Tier 29,29u,336,/dynasty-rankings/players/miles-boykin-319
457,Sam Ehlinger,IND,QB62,24.8,Tier 29,33d,330,/dynasty-rankings/players/sam-ehlinger-1027
458,Ian Thomas,CAR,TE69,27.1,Tier 29,2u,326,/dynasty-rankings/players/ian-thomas-323
459,Colt McCoy,ARI,QB63,36.9,Tier 29,18d,323,/dynasty-rankings/players/colt-mccoy-711
460,Jamal Agnew,JAC,WR167,28.3,Tier 29,25d,313,/dynasty-rankings/players/jamal-agnew-920
461,Cooper Rush,DAL,QB64,29.7,Tier 29,7d,312,/dynasty-rankings/players/cooper-rush-788
462,Tony Jones,DEN,RB126,25.6,Tier 29,8u,310,/dynasty-rankings/players/tony-jones-550
463,Josh Oliver,MIN,TE70,26.3,Tier 29,5d,308,/dynasty-rankings/players/josh-oliver-7
464,Kyle Allen,BUF,QB65,27.4,Tier 29,19u,308,/dynasty-rankings/players/kyle-allen-148
465,Lil'Jordan Humphrey,DEN,WR168,25.3,Tier 29,9u,307,/dynasty-rankings/players/lil-jordan-humphrey-177
466,Trestan Ebner,CHI,RB127,24.6,Tier 29,32d,306,/dynasty-rankings/players/trestan-ebner-1236
467,Craig Reynolds,DET,RB128,27.1,Tier 29,12d,305,/dynasty-rankings/players/craig-reynolds-604
468,Nelson Agholor,BAL,WR169,30.2,Tier 29,0,303,/dynasty-rankings/players/nelson-agholor-207
469,Larry Rountree,LAC,RB129,25.4,Tier 29,2u,302,/dynasty-rankings/players/larry-rountree-995
470,Kellen Mond,CLE,QB66,24.1,Tier 29,5u,282,/dynasty-rankings/players/kellen-mond-1020
471,D'Wayne Eskridge,SEA,WR170,26.3,Tier 29,24d,280,/dynasty-rankings/players/d-wayne-eskridge-1079
472,Marcus Mariota,PHI,QB67,29.7,Tier 29,59d,279,/dynasty-rankings/players/marcus-mariota-23
473,Dez Fitzpatrick,PIT,WR171,25.6,Tier 29,3u,277,/dynasty-rankings/players/dez-fitzpatrick-1122
474,David Moore,TBB,WR172,28.5,Tier 29,8u,276,/dynasty-rankings/players/david-moore-4
475,Teagan Quitoriano,HOU,TE71,23.4,Tier 29,5u,276,/dynasty-rankings/players/teagan-quitoriano-1317
476,Jacob Harris,JAC,WR173,26.3,Tier 29,10u,275,/dynasty-rankings/players/jacob-harris-1118
477,Kenyan Drake,FA,RB130,29.5,Tier 29,12u,269,/dynasty-rankings/players/kenyan-drake-250
478,Collin Johnson,NYG,WR174,25.8,Tier 29,15d,266,/dynasty-rankings/players/collin-johnson-583
479,Charlie Kolar,BAL,TE72,24.4,Tier 29,30d,266,/dynasty-rankings/players/charlie-kolar-1254
480,Jamison Crowder,NYG,WR175,30.1,Tier 29,4u,261,/dynasty-rankings/players/jamison-crowder-335
481,Marquise Goodwin,CLE,WR176,32.7,Tier 29,12u,249,/dynasty-rankings/players/marquise-goodwin-73
482,KaVontae Turpin,DAL,WR177,27.0,Tier 29,9d,245,/dynasty-rankings/players/kavontae-turpin-1336
483,Mike Strachan,IND,WR178,25.9,Tier 29,4d,244,/dynasty-rankings/players/mike-strachan-1113
484,Drew Sample,CIN,TE73,27.3,Tier 29,12d,241,/dynasty-rankings/players/drew-sample-435
485,Durham Smythe,MIA,TE74,28.0,Tier 29,6u,237,/dynasty-rankings/players/durham-smythe-488
486,Tyree Jackson,PHI,TE75,26.4,Tier 29,4u,232,/dynasty-rankings/players/tyree-jackson-139
487,Andy Dalton,CAR,QB68,35.7,Tier 29,20d,230,/dynasty-rankings/players/andy-dalton-49
488,Josiah Deguara,GBP,TE76,26.4,Tier 29,4u,220,/dynasty-rankings/players/josiah-deguara-878
489,DeAndre Carter,LVR,WR179,30.3,Tier 29,8d,219,/dynasty-rankings/players/deandre-carter-845
490,O.J. Howard,LVR,TE77,28.7,Tier 29,43d,216,/dynasty-rankings/players/oj-howard-223
491,Melvin Gordon,FA,RB131,30.3,Tier 29,71d,204,/dynasty-rankings/players/melvin-gordon-267
492,Brycen Hopkins,LAR,TE78,26.3,Tier 29,15d,187,/dynasty-rankings/players/brycen-hopkins-568
493,Ty Johnson,FA,RB132,25.8,Tier 29,2u,185,/dynasty-rankings/players/ty-johnson-6
494,Darrell Henderson,FA,RB133,25.9,Tier 29,41d,178,/dynasty-rankings/players/darrell-henderson-251
495,P.J. Walker,CHI,QB69,28.4,Tier 29,2u,175,/dynasty-rankings/players/pj-walker-879
496,Dan Arnold,PHI,TE79,28.4,Tier 29,23d,174,/dynasty-rankings/players/dan-arnold-527
497,N'Keal Harry,FA,WR180,25.6,Tier 29,3d,144,/dynasty-rankings/players/n-keal-harry-260
498,Josh Doctson,FA,WR181,30.3,Tier 29,0,99,/dynasty-rankings/players/josh-doctson-5
499,Taywan Taylor,FA,WR182,28.0,Tier 30,0,1,/dynasty-rankings/players/taywan-taylor-2
514,Chris Moore,TEN,WR183,30.1,Tier 30,16d,0,/dynasty-rankings/players/chris-moore-28
