rank,player,team,position,age,tier,trend,rating
1,Patrick Mahomes,KCC,QB1,27.8,Tier 1,0,9999
2,Justin Jefferson,MIN,WR1,24.1,Tier 1,1u,9895
3,Josh Allen,BUF,QB2,27.2,Tier 1,1d,9856
4,Jalen Hurts,PHI,QB3,25.0,Tier 1,0,9662
5,Joe Burrow,CIN,QB4,26.6,Tier 2,0,9133
6,Ja'Marr Chase,CIN,WR2,23.4,Tier 2,0,8931
7,Justin Herbert,LAC,QB5,25.4,Tier 2,0,8651
8,Trevor Lawrence,JAC,QB6,23.8,Tier 3,0,8038
9,Bijan Robinson,ATL,RB1,21.5,Tier 3,1u,7896
10,Lamar Jackson,BAL,QB7,26.5,Tier 3,1d,7838
11,CeeDee Lamb,DAL,WR3,24.3,Tier 4,0,7255
12,Garrett Wilson,NYJ,WR4,23.0,Tier 4,0,7209
13,Justin Fields,CHI,QB8,24.4,Tier 4,0,7131
14,A.J. Brown,PHI,WR5,26.1,Tier 4,1u,6910
15,Amon-Ra St. Brown,DET,WR6,23.7,Tier 4,1u,6819
16,Jaylen Waddle,MIA,WR7,24.6,Tier 4,2d,6808
17,Chris Olave,NOS,WR8,23.1,Tier 5,0,6533
18,Anthony Richardson,IND,QB9,21.2,Tier 5,0,6410
19,Christian McCaffrey,SFO,RB2,27.1,Tier 5,3u,6397
20,2024 Early 1st,,PICK,,Tier 6,1d,6247
21,2023 Early 1st,,PICK,,Tier 6,0,6213
22,DeVonta Smith,PHI,WR9,24.7,Tier 6,2u,6207
23,Jahmyr Gibbs,DET,RB3,21.3,Tier 6,3u,6197
24,Breece Hall,NYJ,RB4,22.1,Tier 6,4d,6134
25,Bryce Young,CAR,QB10,22.0,Tier 6,0,6102
26,Jaxon Smith-Njigba,SEA,WR10,21.4,Tier 7,5u,5941
27,Tyreek Hill,MIA,WR11,29.4,Tier 7,6u,5891
28,Tee Higgins,CIN,WR12,24.5,Tier 7,2u,5869
29,Jonathan Taylor,IND,RB5,24.5,Tier 8,6d,5780
30,Deshaun Watson,CLE,QB11,27.8,Tier 8,1d,5759
31,Travis Kelce,KCC,TE1,33.8,Tier 8,7u,5756
32,C.J. Stroud,HOU,QB12,21.8,Tier 8,0,5734
33,Drake London,ATL,WR13,22.0,Tier 8,6d,5725
34,Saquon Barkley,NYG,RB6,26.4,Tier 8,1u,5689
35,DK Metcalf,SEA,WR14,25.6,Tier 8,2u,5684
36,Kyle Pitts,ATL,TE2,22.8,Tier 8,8d,5675
37,Mark Andrews,BAL,TE3,27.9,Tier 8,1d,5667
38,Tua Tagovailoa,MIA,QB13,25.4,Tier 9,1u,5533
39,Stefon Diggs,BUF,WR15,29.6,Tier 9,1u,5497
40,Kyler Murray,ARI,QB14,26.0,Tier 9,6d,5461
41,Nick Chubb,CLE,RB7,27.6,Tier 9,8u,5411
42,Travis Etienne,JAC,RB8,24.5,Tier 9,0,5340
43,Cooper Kupp,LAR,WR16,30.1,Tier 9,0,5308
44,2025 Early 1st,,PICK,,Tier 10,3u,5090
45,Dak Prescott,DAL,QB15,30.0,Tier 10,4d,5070
46,2023 Mid 1st,,PICK,,Tier 10,2u,5059
47,Kenneth Walker III,SEA,RB9,22.8,Tier 10,3d,5023
48,Davante Adams,LVR,WR17,30.6,Tier 10,8u,5005
49,Josh Jacobs,LVR,RB10,25.4,Tier 10,3d,4998
50,Daniel Jones,NYG,QB16,26.2,Tier 10,0,4993
51,Tony Pollard,DAL,RB11,26.2,Tier 10,1u,4973
52,Austin Ekeler,LAC,RB12,28.2,Tier 10,2u,4941
53,Jordan Addison,MIN,WR18,21.5,Tier 10,2d,4882
54,2024 Mid 1st,,PICK,,Tier 10,1u,4869
55,Christian Watson,GBP,WR19,24.2,Tier 10,4u,4836
56,T.J. Hockenson,MIN,TE4,26.0,Tier 10,2u,4773
57,Rhamondre Stevenson,NEP,RB13,25.4,Tier 10,12d,4745
58,Quentin Johnston,LAC,WR20,21.9,Tier 10,3u,4744
59,Brandon Aiyuk,SFO,WR21,25.3,Tier 10,2d,4739
60,Najee Harris,PIT,RB14,25.4,Tier 10,7d,4681
61,Jerry Jeudy,DEN,WR22,24.2,Tier 10,1d,4678
62,D.J. Moore,CHI,WR23,26.3,Tier 11,2u,4514
63,Calvin Ridley,JAC,WR24,28.6,Tier 12,20u,4394
64,Jahan Dotson,WAS,WR25,23.3,Tier 12,2d,4371
65,Javonte Williams,DEN,RB15,23.2,Tier 12,2u,4368
66,Zay Flowers,BAL,WR26,22.9,Tier 12,5u,4343
67,Deebo Samuel,SFO,WR27,27.5,Tier 12,1u,4299
68,Terry McLaurin,WAS,WR28,27.8,Tier 12,1u,4264
69,George Pickens,PIT,WR29,22.4,Tier 12,6u,4235
70,Dalton Kincaid,BUF,TE5,23.8,Tier 12,12u,4177
71,2025 Mid 1st,,PICK,,Tier 12,1u,4175
72,Derrick Henry,TEN,RB16,29.5,Tier 12,13u,4172
73,Jared Goff,DET,QB17,28.8,Tier 12,6u,4171
74,Treylon Burks,TEN,WR30,23.3,Tier 12,11d,4171
75,2023 Late 1st,,PICK,,Tier 12,1u,4169
76,Michael Pittman,IND,WR31,25.8,Tier 12,2d,4158
77,Dameon Pierce,HOU,RB17,23.4,Tier 12,4u,4151
78,Kenny Pickett,PIT,QB18,25.1,Tier 12,8d,4149
79,Jordan Love,GBP,QB19,24.7,Tier 12,14d,4111
80,2024 Late 1st,,PICK,,Tier 12,3d,4110
81,Jameson Williams,DET,WR32,22.3,Tier 12,8d,4106
82,George Kittle,SFO,TE6,29.8,Tier 12,4d,4098
83,Christian Kirk,JAC,WR33,26.7,Tier 13,1u,3981
84,Chris Godwin,TBB,WR34,27.4,Tier 13,4d,3969
85,Miles Sanders,CAR,RB18,26.2,Tier 13,7u,3961
86,J.K. Dobbins,BAL,RB19,24.6,Tier 13,20d,3954
87,Diontae Johnson,PIT,WR35,27.0,Tier 13,1d,3935
88,Marquise Brown,ARI,WR36,26.1,Tier 13,1d,3908
89,Kirk Cousins,MIN,QB20,34.9,Tier 13,10u,3906
90,Amari Cooper,CLE,WR37,29.1,Tier 13,2d,3902
91,2025 Late 1st,,PICK,,Tier 13,1d,3900
92,Brock Purdy,SFO,QB21,23.6,Tier 13,1u,3857
93,Dallas Goedert,PHI,TE7,28.6,Tier 13,2d,3841
94,Zach Charbonnet,SEA,RB20,22.5,Tier 14,5d,3758
95,Geno Smith,SEA,QB22,32.8,Tier 14,1d,3735
96,Joe Mixon,CIN,RB21,27.0,Tier 14,10u,3713
97,Rachaad White,TBB,RB22,24.2,Tier 14,4u,3698
98,James Cook,BUF,RB23,23.8,Tier 14,22u,3695
99,Aaron Jones,GBP,RB24,28.6,Tier 14,3u,3676
100,Pat Freiermuth,PIT,TE8,24.7,Tier 14,2d,3640
101,D'Andre Swift,PHI,RB25,24.5,Tier 14,6d,3609
102,Aaron Rodgers,NYJ,QB23,39.6,Tier 14,5u,3594
103,Cam Akers,LAR,RB26,24.1,Tier 14,6d,3587
104,Russell Wilson,DEN,QB24,34.6,Tier 15,4d,3511
105,Alexander Mattison,MIN,RB27,25.1,Tier 15,9d,3499
106,Devon Achane,MIA,RB28,21.8,Tier 15,1d,3497
107,Derek Carr,NOS,QB25,32.3,Tier 15,4d,3464
108,Sam LaPorta,DET,TE9,22.5,Tier 15,9u,3413
109,Isiah Pacheco,KCC,RB29,24.4,Tier 15,0,3412
110,Keenan Allen,LAC,WR38,31.2,Tier 15,11u,3404
111,Elijah Moore,CLE,WR39,23.3,Tier 15,1u,3395
112,Mike Evans,TBB,WR40,29.9,Tier 15,3u,3392
113,2023 Early 2nd,,PICK,,Tier 15,3u,3372
114,Kendre Miller,NOS,RB30,21.1,Tier 15,10d,3362
115,David Montgomery,DET,RB31,26.1,Tier 15,7u,3351
116,Mike Williams,LAC,WR41,28.8,Tier 16,7u,3298
117,Sam Howell,WAS,QB26,22.8,Tier 17,1u,3242
118,Darren Waller,NYG,TE10,30.8,Tier 17,15u,3239
119,DeAndre Hopkins,TEN,WR42,31.1,Tier 17,8u,3220
120,Desmond Ridder,ATL,QB27,23.9,Tier 17,5u,3214
121,AJ Dillon,GBP,RB32,25.2,Tier 17,7u,3197
122,Rashod Bateman,BAL,WR43,23.6,Tier 17,9d,3184
123,2024 Early 2nd,,PICK,,Tier 17,4d,3179
124,Trey Lance,SFO,QB28,23.2,Tier 17,14d,3177
125,Michael Mayer,LVR,TE11,22.0,Tier 17,11d,3170
126,Mac Jones,NEP,QB29,24.9,Tier 17,18d,3155
127,Evan Engram,JAC,TE12,28.9,Tier 17,19u,3122
128,Jonathan Mingo,CAR,WR44,22.2,Tier 17,4d,3096
129,Alvin Kamara,NOS,RB33,28.0,Tier 17,2u,3090
130,Brian Robinson,WAS,RB34,24.3,Tier 17,9u,3055
131,Skyy Moore,KCC,WR45,22.9,Tier 17,13u,3041
132,Antonio Gibson,WAS,RB35,25.1,Tier 17,6d,3032
133,Tank Bigsby,JAC,RB36,21.9,Tier 17,12u,3006
134,Gabriel Davis,BUF,WR46,24.3,Tier 17,9u,2975
135,Rashee Rice,KCC,WR47,23.2,Tier 18,15u,2923
136,Kadarius Toney,KCC,WR48,24.5,Tier 18,25d,2918
137,2023 Mid 2nd,,PICK,,Tier 18,1d,2908
138,Khalil Herbert,CHI,RB37,25.2,Tier 18,4u,2902
139,Dalvin Cook,FA,RB38,28.0,Tier 18,7d,2891
140,David Njoku,CLE,TE13,27.0,Tier 18,2d,2884
141,Will Levis,TEN,QB30,24.1,Tier 18,6d,2858
142,Greg Dulcich,DEN,TE14,23.3,Tier 18,12d,2854
143,Tyler Lockett,SEA,WR49,30.8,Tier 18,14d,2841
144,James Conner,ARI,RB39,28.2,Tier 18,8u,2811
145,Chigoziem Okonkwo,TEN,TE15,23.9,Tier 18,11d,2783
146,2024 Mid 2nd,,PICK,,Tier 18,9d,2772
147,Marvin Mims,DEN,WR50,21.3,Tier 18,0,2768
148,Romeo Doubs,GBP,WR51,23.3,Tier 18,1u,2759
149,Cole Kmet,CHI,TE16,24.4,Tier 18,8u,2756
150,Roschon Johnson,CHI,RB40,22.5,Tier 18,9d,2746
151,2025 Early 2nd,,PICK,,Tier 18,11d,2706
152,John Metchie,HOU,WR52,23.0,Tier 19,1d,2615
153,Jalin Hyatt,NYG,WR53,21.8,Tier 20,17u,2556
154,Matthew Stafford,LAR,QB31,35.4,Tier 20,4u,2539
155,Alec Pierce,IND,WR54,23.2,Tier 20,6u,2532
156,Josh Downs,IND,WR54,21.9,Tier 20,8d,2532
157,JuJu Smith-Schuster,NEP,WR56,26.7,Tier 20,2d,2526
158,2023 Late 2nd,,PICK,,Tier 20,5d,2518
159,Jayden Reed,GBP,WR57,23.2,Tier 20,0,2510
160,Nico Collins,HOU,WR58,24.3,Tier 20,11u,2482
161,Brandin Cooks,DAL,WR59,29.8,Tier 20,5u,2467
162,Darnell Mooney,CHI,WR60,25.7,Tier 20,1u,2454
163,Rondale Moore,ARI,WR61,23.1,Tier 20,7d,2441
164,Jimmy Garoppolo,LVR,QB32,31.7,Tier 20,10u,2429
165,Courtland Sutton,DEN,WR62,27.8,Tier 20,3d,2413
166,2025 Mid 2nd,,PICK,,Tier 20,6d,2410
167,Rashaad Penny,PHI,RB41,27.5,Tier 20,6u,2405
168,Tyler Allgeier,ATL,RB42,23.3,Tier 20,1u,2399
169,2024 Late 2nd,,PICK,,Tier 20,5d,2384
170,Trey McBride,ARI,TE17,23.7,Tier 20,5d,2362
171,Isaiah Likely,BAL,TE18,23.3,Tier 20,10u,2352
172,Tyjae Spears,TEN,RB43,22.1,Tier 20,18d,2343
173,Jakobi Meyers,LVR,WR63,26.7,Tier 20,1d,2324
174,Luke Musgrave,GBP,TE19,22.9,Tier 20,3u,2304
175,Dalton Schultz,HOU,TE20,27.0,Tier 20,7d,2303
176,Wan'Dale Robinson,NYG,WR64,22.5,Tier 20,9d,2286
177,Elijah Mitchell,SFO,RB44,25.2,Tier 20,2d,2260
178,2025 Late 2nd,,PICK,,Tier 20,6u,2243
179,Jamaal Williams,NOS,RB45,28.3,Tier 20,0,2228
180,Justyn Ross,KCC,WR65,23.6,Tier 20,59u,2180
181,Damien Harris,BUF,RB46,26.4,Tier 20,4d,2177
182,Samaje Perine,DEN,RB47,27.8,Tier 20,6d,2154
183,Chase Brown,CIN,RB48,23.3,Tier 20,1d,2141
184,Hendon Hooker,DET,QB33,25.5,Tier 20,1d,2127
185,Michael Gallup,DAL,WR66,27.4,Tier 20,6u,2121
186,Donovan Peoples-Jones,CLE,WR67,24.4,Tier 20,3u,2091
187,Allen Lazard,NYJ,WR68,27.6,Tier 20,1d,2089
188,Ryan Tannehill,TEN,QB34,35.0,Tier 20,18u,2076
189,Jaylen Warren,PIT,RB49,24.7,Tier 20,9d,2072
190,Tyler Boyd,CIN,WR69,28.7,Tier 20,5d,2056
191,Michael Thomas,NOS,WR70,30.4,Tier 20,1d,2044
192,Isaiah Hodgins,NYG,WR71,24.8,Tier 21,11u,1977
193,Zamir White,LVR,RB50,23.8,Tier 21,21u,1968
194,Jerome Ford,CLE,RB51,23.8,Tier 21,1u,1966
195,D.J. Chark,CAR,WR72,26.8,Tier 21,3u,1951
196,Rashid Shaheed,NOS,WR73,24.9,Tier 21,9d,1950
197,Baker Mayfield,TBB,QB35,28.3,Tier 21,4u,1915
198,Devin Singletary,HOU,RB52,25.9,Tier 21,10d,1906
199,Curtis Samuel,WAS,WR74,26.9,Tier 21,21u,1894
200,Dawson Knox,BUF,TE21,26.7,Tier 21,0,1881
201,Chase Claypool,CHI,WR75,25.0,Tier 21,15u,1877
202,2023 Early 3rd,,PICK,,Tier 21,3u,1872
203,Odell Beckham,BAL,WR76,30.7,Tier 21,4u,1852
204,Zay Jones,JAC,WR77,28.3,Tier 21,14u,1847
205,Nathaniel Dell,HOU,WR78,23.7,Tier 21,4u,1833
206,Cedric Tillman,CLE,WR79,23.2,Tier 21,12d,1827
207,Luke Schoonmaker,DAL,TE22,24.8,Tier 21,10d,1811
208,Evan Hull,IND,RB53,22.7,Tier 21,69u,1807
209,K.J. Osborn,MIN,WR80,26.1,Tier 21,21u,1803
210,Terrace Marshall,CAR,WR81,23.1,Tier 21,11d,1797
211,Irv Smith Jr.,CIN,TE23,25.0,Tier 21,15d,1793
212,Kenneth Gainwell,PHI,RB54,24.4,Tier 21,0,1767
213,DeWayne McBride,MIN,RB55,22.0,Tier 21,11d,1763
214,Michael Wilson,ARI,WR82,23.4,Tier 21,22d,1762
215,Khalil Shakir,BUF,WR83,23.5,Tier 21,5d,1729
216,2024 Early 3rd,,PICK,,Tier 21,1u,1718
217,Puka Nacua,LAR,WR84,22.1,Tier 21,6u,1715
218,Darnell Washington,PIT,TE24,21.9,Tier 21,11u,1711
219,2023 Mid 3rd,,PICK,,Tier 21,7u,1696
220,D'Onta Foreman,CHI,RB56,27.2,Tier 21,5d,1690
221,Tyquan Thornton,NEP,WR85,22.9,Tier 21,8d,1689
222,Tyler Higbee,LAR,TE25,30.6,Tier 21,12u,1685
223,Jerick McKinnon,KCC,RB57,31.2,Tier 21,10u,1676
224,Israel Abanikanda,NYJ,RB58,20.8,Tier 21,31d,1662
225,Hunter Renfrow,LVR,WR86,27.6,Tier 21,2u,1660
226,Zach Evans,LAR,RB59,22.1,Tier 21,18d,1657
227,Juwan Johnson,NOS,TE26,26.8,Tier 21,23d,1654
228,Jelani Woods,IND,TE27,24.8,Tier 21,6d,1631
229,Noah Fant,SEA,TE28,25.7,Tier 21,6d,1620
230,Chuba Hubbard,CAR,RB60,24.1,Tier 21,1u,1606
231,Clyde Edwards-Helaire,KCC,RB61,24.3,Tier 21,4u,1605
232,Josh Palmer,LAC,WR87,23.8,Tier 21,11d,1603
233,Cade Otton,TBB,TE29,24.3,Tier 21,5u,1600
234,Mike Gesicki,NEP,TE30,27.8,Tier 21,9d,1599
235,Daniel Bellinger,NYG,TE31,22.8,Tier 21,16d,1569
236,Parris Campbell,NYG,WR88,26.0,Tier 21,25d,1560
237,2024 Mid 3rd,,PICK,,Tier 21,6d,1548
238,Deon Jackson,IND,RB62,24.4,Tier 21,95u,1547
239,Jake Ferguson,DAL,TE32,24.5,Tier 21,11d,1535
240,Gerald Everett,LAC,TE33,29.1,Tier 21,4d,1531
241,Deuce Vaughn,DAL,RB63,21.7,Tier 21,1u,1529
242,Adam Thielen,CAR,WR89,32.9,Tier 21,6u,1523
243,Sean Tucker,TBB,RB64,21.7,Tier 21,3u,1500
244,Greg Dortch,ARI,WR90,25.1,Tier 21,1d,1491
245,2023 Late 3rd,,PICK,,Tier 21,1d,1485
246,Mecole Hardman,NYJ,WR91,25.4,Tier 21,15u,1467
247,Tucker Kraft,GBP,TE34,22.7,Tier 21,10d,1447
248,2025 Early 3rd,,PICK,,Tier 21,3d,1424
249,Darius Slayton,NYG,WR92,26.5,Tier 21,9d,1402
250,Kyle Trask,TBB,QB36,25.4,Tier 21,1u,1386
251,Van Jefferson,LAR,WR93,27.0,Tier 21,4d,1374
252,Jeffery Wilson,MIA,RB65,27.7,Tier 21,12u,1365
253,Xavier Hutchinson,HOU,WR94,23.1,Tier 21,4d,1364
254,Marquez Valdes-Scantling,KCC,WR95,28.8,Tier 21,15u,1363
255,Stetson Bennett,LAR,QB37,25.7,Tier 21,13u,1361
256,2025 Mid 3rd,,PICK,,Tier 21,1d,1355
257,Keaontay Ingram,ARI,RB66,23.7,Tier 21,3d,1352
258,Sam Darnold,SFO,QB38,26.1,Tier 21,2d,1343
259,Zach Wilson,NYJ,QB39,24.0,Tier 21,25u,1336
260,Michael Carter,NYJ,RB67,24.2,Tier 21,10d,1335
261,Isaiah Spiller,LAC,RB68,22.0,Tier 21,9d,1331
262,2024 Late 3rd,,PICK,,Tier 21,5d,1324
263,Malik Davis,DAL,RB69,24.6,Tier 21,3d,1310
264,Pierre Strong Jr.,NEP,RB70,24.6,Tier 21,23d,1307
265,Hayden Hurst,CAR,TE35,29.9,Tier 21,2u,1289
266,Hunter Henry,NEP,TE36,28.6,Tier 21,13u,1288
267,Deneric Prince,KCC,RB71,23.3,Tier 21,33u,1283
268,Ty Chandler,MIN,RB72,25.2,Tier 21,9d,1280
269,Eric Gray,NYG,RB72,23.7,Tier 21,3u,1280
270,2025 Late 3rd,,PICK,,Tier 21,2u,1266
271,Bailey Zappe,NEP,QB40,24.2,Tier 21,13d,1256
272,Ezekiel Elliott,FA,RB74,28.0,Tier 21,19d,1251
273,Kyren Williams,LAR,RB75,22.9,Tier 21,8u,1249
274,Gus Edwards,BAL,RB76,28.3,Tier 21,11d,1233
275,Kayshon Boutte,NEP,WR96,21.2,Tier 21,5d,1187
276,Richie James,KCC,WR97,28.3,Tier 21,46u,1171
277,Kenny McIntosh,SEA,RB77,23.4,Tier 21,36u,1164
278,Chris Rodriguez,WAS,RB78,22.8,Tier 21,5u,1160
279,Malik Willis,TEN,QB41,24.2,Tier 21,31u,1151
280,Jacoby Brissett,WAS,QB42,30.6,Tier 21,14d,1147
281,Raheem Mostert,MIA,RB79,31.3,Tier 21,7d,1143
282,Gardner Minshew,IND,QB43,27.2,Tier 21,5u,1138
283,Zach Ertz,ARI,TE37,32.7,Tier 21,3d,1131
284,Laviska Shenault,CAR,WR98,24.8,Tier 21,2d,1127
285,Tyler Huntley,BAL,QB44,25.5,Tier 21,14d,1119
286,A.T. Perry,NOS,WR99,23.7,Tier 21,4u,1115
287,Kareem Hunt,FA,RB80,28.0,Tier 21,25d,1110
288,David Bell,CLE,WR100,22.6,Tier 21,9u,1092
289,Tyler Scott,CHI,WR101,21.8,Tier 21,13d,1091
290,Tyler Conklin,NYJ,TE38,28.0,Tier 21,8u,1063
291,Jalen Tolbert,DAL,WR102,24.4,Tier 21,8u,1059
292,Trayveon Williams,CIN,RB81,25.8,Tier 21,7d,1053
293,Kyle Philips,TEN,WR103,24.1,Tier 21,18d,1048
294,Denzel Mims,NYJ,WR104,25.8,Tier 21,65u,1041
295,Corey Davis,NYJ,WR105,28.5,Tier 21,17u,1030
296,Noah Gray,KCC,TE39,24.2,Tier 21,7d,1026
297,Foster Moreau,NOS,TE40,26.2,Tier 21,19d,1023
298,Leonard Fournette,FA,RB82,28.5,Tier 21,12d,1019
299,Joshua Kelley,LAC,RB83,25.7,Tier 21,15u,1017
300,Chris Evans,CIN,RB84,25.8,Tier 21,5d,1014
301,Robert Woods,HOU,WR106,31.3,Tier 21,4u,1000
302,DeVante Parker,NEP,WR107,30.5,Tier 21,17u,999
303,2023 Early 4th,,PICK,,Tier 21,11d,991
304,Zonovan Knight,NYJ,RB85,22.3,Tier 21,1d,982
305,Trey Palmer,TBB,WR108,22.3,Tier 21,221u,972
306,Ke'Shawn Vaughn,TBB,RB86,26.2,Tier 21,73u,954
307,Zack Moss,IND,RB87,25.6,Tier 21,28u,953
308,Kene Nwangwu,MIN,RB88,25.4,Tier 21,11u,945
309,2024 Early 4th,,PICK,,Tier 21,6u,934
310,Tutu Atwell,LAR,WR109,23.8,Tier 21,2d,927
311,Albert Okwuegbunam,DEN,TE41,25.2,Tier 21,20d,920
312,2023 Mid 4th,,PICK,,Tier 21,4u,911
313,Devin Duvernay,BAL,WR110,25.8,Tier 21,11d,904
314,Calvin Austin III,PIT,WR111,24.3,Tier 21,18d,902
315,Jameis Winston,NOS,QB45,29.5,Tier 21,2u,901
316,Kevin Harris,NEP,RB89,22.7,Tier 21,23d,894
317,Jordan Mason,SFO,RB90,24.2,Tier 21,15u,887
318,Taylor Heinicke,ATL,QB46,30.4,Tier 21,12d,882
319,Tyrion Davis-Price,SFO,RB91,22.7,Tier 21,21u,881
320,Charlie Jones,CIN,WR112,24.7,Tier 21,19d,879
321,Russell Gage,TBB,WR113,27.5,Tier 21,4u,877
322,Davis Mills,HOU,QB47,24.8,Tier 21,4d,876
323,2024 Mid 4th,,PICK,,Tier 21,0,861
324,Allen Robinson,PIT,WR114,29.9,Tier 21,21d,827
325,Donald Parham,LAC,TE42,25.9,Tier 21,21u,825
326,Parker Washington,JAC,WR115,21.3,Tier 21,1u,825
327,Clayton Tune,ARI,QB48,24.3,Tier 21,33d,817
328,Taysom Hill,NOS,TE43,32.9,Tier 21,21d,812
329,Dontayvion Wicks,GBP,WR116,22.1,Tier 21,5d,812
330,Mike White,MIA,QB49,28.3,Tier 21,21d,804
331,Brenton Strange,JAC,TE44,22.6,Tier 21,20d,798
332,Isaiah McKenzie,IND,WR117,28.3,Tier 21,5u,791
333,Cordarrelle Patterson,ATL,RB92,32.3,Tier 21,9u,773
334,2024 Late 4th,,PICK,,Tier 21,11u,773
335,Dyami Brown,WAS,WR118,23.7,Tier 21,1u,762
336,2023 Late 4th,,PICK,,Tier 21,10d,760
337,Kendrick Bourne,NEP,WR119,28.0,Tier 21,9d,733
338,Peyton Hendershot,DAL,TE45,24.2,Tier 21,3u,730
339,2025 Early 4th,,PICK,,Tier 21,10d,725
340,Marquez Callaway,DEN,WR120,25.3,Tier 21,24u,715
341,Sterling Shepard,NYG,WR121,30.4,Tier 21,11u,711
342,Tre Tucker,LVR,WR122,22.4,Tier 21,38u,707
343,Quez Watkins,PHI,WR123,25.1,Tier 21,5d,693
344,Dorian Thompson-Robinson,CLE,QB50,23.7,Tier 21,9u,684
345,Aidan O'Connell,LVR,QB51,24.9,Tier 21,24d,682
346,Brevin Jordan,HOU,TE46,23.0,Tier 21,5u,680
347,Mack Hollins,ATL,WR124,29.8,Tier 21,36u,677
348,2025 Mid 4th,,PICK,,Tier 21,4d,672
349,Jarrett Stidham,DEN,QB52,27.0,Tier 21,6d,664
350,Hassan Haskins,TEN,RB93,23.6,Tier 21,16d,664
351,KJ Hamler,DEN,WR125,24.0,Tier 21,63d,663
352,Cole Turner,WAS,TE47,23.4,Tier 21,2d,660
353,Josh Reynolds,DET,WR126,28.4,Tier 21,1u,657
354,Chase Edmonds,TBB,RB94,27.3,Tier 21,5d,649
355,Austin Hooper,LVR,TE48,28.7,Tier 21,0,644
356,D'Ernest Johnson,JAC,RB95,27.4,Tier 21,14u,644
357,Jeremy Ruckert,NYJ,TE49,22.9,Tier 21,6u,643
358,Ben Skowronek,LAR,WR127,26.1,Tier 21,29d,637
359,Jalen Guyton,LAC,WR128,26.1,Tier 21,6u,619
360,Justin Shorter,BUF,WR129,23.3,Tier 21,2u,618
361,Tommy Tremble,CAR,TE50,23.1,Tier 21,0,617
362,Zack Kuntz,NYJ,TE51,24.1,Tier 21,23d,609
363,James Robinson,FA,RB96,25.0,Tier 21,58u,596
364,Matt Corral,CAR,QB53,24.5,Tier 21,28u,594
365,Elijah Higgins,MIA,TE52,22.7,Tier 21,20u,584
366,Boston Scott,PHI,RB97,28.2,Tier 21,10u,573
367,DeeJay Dallas,SEA,RB98,24.8,Tier 21,59u,570
368,Amari Rodgers,HOU,WR130,23.8,Tier 21,10d,567
369,Nick Westbrook-Ikhine,TEN,WR131,26.3,Tier 21,22d,561
370,Adam Trautman,DEN,TE53,26.4,Tier 21,0,555
371,Eno Benjamin,NOS,RB99,24.3,Tier 21,40u,540
372,Noah Brown,HOU,WR132,26.0,Tier 21,24d,536
373,Marvin Jones,DET,WR133,33.4,Tier 21,4d,534
374,Jauan Jennings,SFO,WR134,26.0,Tier 21,18d,533
375,Justice Hill,BAL,RB100,25.7,Tier 21,13u,529
376,Tyler Badie,DEN,RB101,23.4,Tier 21,21u,518
377,Harrison Bryant,CLE,TE54,25.2,Tier 21,7d,515
378,Anthony Schwartz,CLE,WR135,22.9,Tier 21,10d,510
379,Raheem Blackshear,CAR,RB102,25.1,Tier 21,6d,510
380,Jake Haener,NOS,QB54,24.4,Tier 21,13d,510
381,Tyler Johnson,LAR,WR136,24.9,Tier 21,13u,503
382,Will Dissly,SEA,TE55,27.0,Tier 21,0,500
383,Jonnu Smith,ATL,TE56,27.9,Tier 21,17d,498
384,Danny Gray,SFO,WR137,24.3,Tier 21,0,497
385,Snoop Conner,JAC,RB103,23.6,Tier 21,13u,495
386,Jaret Patterson,WAS,RB104,23.6,Tier 21,30u,493
387,Rakim Jarrett,TBB,WR138,22.5,Tier 21,19u,491
388,Ronald Jones,DAL,RB105,26.0,Tier 21,31d,490
389,Jalen Nailor,MIN,WR139,24.4,Tier 21,18u,485
390,Julius Chestnut,TEN,RB106,22.7,Tier 21,0,484
391,Robert Tonyan,CHI,TE57,29.2,Tier 21,32d,481
392,Matt Breida,NYG,RB107,28.4,Tier 21,38u,480
393,2025 Late 4th,,PICK,,Tier 21,19d,478
394,Deonte Harty,BUF,WR140,25.6,Tier 21,6u,475
395,Tre'Quan Smith,NOS,WR141,27.5,Tier 21,20u,472
396,Shi Smith,CAR,WR142,24.7,Tier 21,9u,471
397,Cameron Latu,SFO,TE58,23.4,Tier 21,22d,470
398,Tre' McKitty,LAC,TE59,24.5,Tier 21,22u,467
399,JaMycal Hasty,JAC,RB108,26.8,Tier 21,10d,466
400,Bryan Edwards,NOS,WR143,24.7,Tier 21,15d,462
401,Jermar Jefferson,DET,RB109,23.3,Tier 21,9u,461
402,Logan Thomas,WAS,TE60,32.0,Tier 21,21d,460
403,Brock Wright,DET,TE61,24.6,Tier 21,18u,458
404,Trent Sherfield,BUF,WR144,27.4,Tier 21,8d,455
405,Keaton Mitchell,BAL,RB110,-1.0,Tier 21,4u,453
406,Demetric Felton,CLE,RB111,25.0,Tier 21,17u,452
407,Max Duggan,LAC,QB55,22.4,Tier 21,16d,452
408,Mohamed Ibrahim,DET,RB112,24.9,Tier 21,30d,450
409,Zach Pascal,ARI,WR145,28.6,Tier 21,20u,445
410,Gary Brightwell,NYG,RB113,24.4,Tier 21,9u,444
411,Erik Ezukanma,MIA,WR146,23.5,Tier 21,19u,444
412,Drew Lock,SEA,QB56,26.7,Tier 21,8d,442
413,Marcus Mariota,PHI,QB57,29.7,Tier 21,3u,441
414,Cedrick Wilson,MIA,WR147,27.7,Tier 21,12d,439
415,Equanimeous St. Brown,CHI,WR148,26.8,Tier 21,8d,437
416,Kalif Raymond,DET,WR149,29.0,Tier 21,23u,432
417,Demario Douglas,NEP,WR150,22.6,Tier 21,34u,431
418,Jalen Reagor,MIN,WR151,24.6,Tier 21,27u,430
419,Trey Sermon,PHI,RB114,24.5,Tier 21,5d,429
420,Demarcus Robinson,LAR,WR152,28.8,Tier 21,48u,425
421,C.J. Uzomah,NYJ,TE62,30.5,Tier 21,22d,425
422,Caleb Huntley,ATL,RB115,24.8,Tier 21,22d,425
423,Scotty Miller,ATL,WR153,26.0,Tier 21,1u,424
424,Jaelon Darden,CLE,WR153,24.5,Tier 21,19u,424
425,Travis Homer,CHI,RB116,25.0,Tier 21,23d,416
426,Olamide Zaccheaus,PHI,WR155,26.0,Tier 21,39d,415
427,Mitchell Trubisky,PIT,QB58,28.9,Tier 21,10u,412
428,Colt McCoy,ARI,QB59,36.9,Tier 21,4u,409
429,Sam Ehlinger,IND,QB59,24.8,Tier 21,27u,409
430,Anthony McFarland,PIT,RB117,24.4,Tier 21,5u,404
431,Jaren Hall,MIN,QB61,25.3,Tier 21,36d,404
432,Braxton Berrios,MIA,WR156,27.8,Tier 21,39d,401
433,D'Wayne Eskridge,SEA,WR156,26.3,Tier 21,17u,401
434,Lew Nichols,GBP,RB118,21.9,Tier 21,21d,400
435,Velus Jones,CHI,WR158,26.2,Tier 21,1d,398
436,Skylar Thompson,MIA,QB62,26.1,Tier 21,18d,396
437,Kylen Granson,IND,TE63,25.3,Tier 21,5u,392
438,Lance McCutcheon,LAR,WR159,24.4,Tier 21,16u,388
439,Sincere McCormick,LVR,RB119,22.9,Tier 21,35u,386
440,Josh Oliver,MIN,TE64,26.3,Tier 21,8u,384
441,Hunter Long,LAR,TE64,24.9,Tier 21,65d,384
442,J.J. Taylor,NEP,RB120,25.5,Tier 21,6d,383
443,Trestan Ebner,CHI,RB121,24.6,Tier 21,17d,382
444,Mo Alie-Cox,IND,TE66,29.8,Tier 21,32d,381
445,Collin Johnson,NYG,WR160,25.8,Tier 21,26u,376
446,Myles Gaskin,MIA,RB122,26.4,Tier 21,13u,371
447,Colby Parkinson,SEA,TE67,24.5,Tier 21,4d,368
448,Ihmir Smith-Marsette,KCC,WR161,23.9,Tier 21,11d,362
449,James Mitchell,DET,TE68,23.9,Tier 21,3d,358
450,Jamal Agnew,JAC,WR162,28.3,Tier 21,3d,357
451,Melvin Gordon,FA,RB123,30.3,Tier 21,69u,356
452,Tony Jones,DEN,RB123,25.6,Tier 21,1d,356
453,Tylan Wallace,BAL,WR163,24.2,Tier 21,20d,354
454,Samori Toure,GBP,WR164,25.3,Tier 21,35u,348
455,Ashton Dulin,IND,WR165,26.2,Tier 21,27d,347
456,Nyheim Hines,BUF,RB125,26.7,Tier 21,125d,346
457,James Washington,NOS,WR166,27.3,Tier 21,9d,344
458,Charlie Kolar,BAL,TE69,24.4,Tier 21,2u,335
459,Cooper Rush,DAL,QB63,29.7,Tier 21,7d,328
460,Salvon Ahmed,MIA,RB126,24.6,Tier 21,10u,324
461,Larry Rountree,LAC,RB127,25.4,Tier 21,3d,311
462,Craig Reynolds,DET,RB128,27.1,Tier 21,1u,309
463,Darrell Henderson,FA,RB129,25.9,Tier 21,23d,306
464,Teddy Bridgewater,FA,QB64,30.8,Tier 21,12d,295
465,Latavius Murray,BUF,RB130,33.5,Tier 21,1d,292
466,Nelson Agholor,BAL,WR167,30.2,Tier 21,11d,291
467,John Bates,WAS,TE70,25.7,Tier 21,26d,291
468,Brycen Hopkins,LAR,TE71,26.3,Tier 21,5u,280
469,Mike Strachan,IND,WR168,25.9,Tier 21,9u,280
470,O.J. Howard,LVR,TE72,28.7,Tier 21,45d,276
471,Lil'Jordan Humphrey,DEN,WR169,25.3,Tier 21,6u,273
472,Ian Thomas,CAR,TE73,27.1,Tier 21,6d,268
473,Teagan Quitoriano,HOU,TE74,23.4,Tier 21,14u,241
474,Kellen Mond,CLE,QB65,24.1,Tier 21,7u,236
475,Dez Fitzpatrick,PIT,WR170,25.6,Tier 21,5u,232
476,Jamison Crowder,NYG,WR171,30.1,Tier 21,11d,231
477,Andy Dalton,CAR,QB66,35.7,Tier 21,20d,229
478,Miles Boykin,PIT,WR172,26.8,Tier 21,5u,225
479,James Proche,BAL,WR173,26.8,Tier 21,0,220
480,KaVontae Turpin,DAL,WR174,27.0,Tier 21,5d,203
481,Carson Wentz,FA,QB67,30.6,Tier 21,19d,200
482,Dan Arnold,PHI,TE75,28.4,Tier 21,3u,174
483,Tyree Jackson,PHI,TE76,26.4,Tier 21,5u,164
484,Jacob Harris,JAC,WR175,26.3,Tier 21,6u,162
485,Randall Cobb,NYJ,WR176,32.9,Tier 21,4u,161
486,DeAndre Carter,LVR,WR177,30.3,Tier 21,5d,158
487,Drew Sample,CIN,TE77,27.3,Tier 21,20d,152
488,P.J. Walker,CHI,QB68,28.4,Tier 21,2d,145
489,David Moore,TBB,WR178,28.5,Tier 21,3u,134
490,Kyle Allen,BUF,QB69,27.4,Tier 21,22d,114
491,Tim Patrick,DEN,WR179,29.7,Tier 21,227d,103
492,Josiah Deguara,GBP,TE78,26.4,Tier 21,8d,101
493,Durham Smythe,MIA,TE79,28.0,Tier 21,32d,84
494,Jarvis Landry,FA,WR180,30.6,Tier 21,18d,83
495,Marquise Goodwin,CLE,WR181,32.7,Tier 21,23d,76
496,Chris Moore,TEN,WR182,30.1,Tier 21,2d,61
497,J.D. McKissic,FA,RB131,29.8,Tier 21,6d,53
498,N'Keal Harry,FA,WR183,25.6,Tier 21,3d,51
500,Josh Doctson,FA,WR184,30.3,Tier 22,5d,0
501,Ty Johnson,FA,RB132,25.8,Tier 22,8d,0
